text,label,合併後所有label,同樣text下原始所有label
「北投區知行路260巷40號五樓」二類謄本暨異動索引。,士林地政事務所,['其他'],['士林地政事務所']
"1. 請按月提供111-112年動物園內各賣店營業額
(以上資料請務必提供格式電子檔，製表者請另附xls,xlsx或ods格式表單電子檔，寄至email：coco88821@gmail.com 謝謝!)",立動物園,['其他'],['立動物園']
"1. 請提供110-112年""市立大學天母校區內""與""周邊""各列刑案種類、件數。(依年度統計)
2. 請提供110-112年""天母運動公園各列刑案種類、件數。(依年度統計)",警察局士林分局,['其他'],['警察局士林分局']
"1. 請提供2022年幼兒園開學規劃專案勞檢案暫緩辦理之後，是否有針對幼兒園勞檢，或提供教保員任何實際勞動條件之保障措施。
2. 請提供2023年勞檢處自辦專案規劃與執行進度。",勞動檢查處,"['勞動局', '其他']","['勞動局', '勞動檢查處']"
"1.北美館對於館內的策展（例如這次的「飛地」），是否有一套館內的策展審查規範？審查者如何組成？是否有訂定審查策展方向及內容的標準或原則？（請提供詳細法規程序規定）

2.無論是館內自行策展或藝術家來北美館申請展覽，館方針對可能涉及政治意識形態的策展內容或作品（例如本次「共登世界大同之境」作品有出現先總統蔣公），是否有明訂任何可展出或不可展出的標準？

3.針對本次「共登世界大同之境」作品，館方在規劃或審查時，是否有館內或館外任何專家學者提出任何意見？",立美術館,['其他'],['立美術館']
"1.目前(新兒童樂園&天文館)館內停車場汽車車位有無提供給一般民眾月租使用
2.目前(新兒童樂園&天文館)所提供月租的汽車車位有多少
3.(新兒童樂園&天文館)館內總汽車車位數量有多少
4.(新兒童樂園&天文館)里民承租汽車車位有無優惠
5.(新兒童樂園&天文館)目前承租汽車車位的方案是甚麼",立天文科學教育館,"['其他', '臺北大眾捷運股份有限公司']","['立天文科學教育館', '臺北大眾捷運股份有限公司']"
"1.近五年，勞動局各年度收到有關勞工申訴違反性別平等工作法件數與違反項目統計表。
2.近兩年查緝到未設哺集乳室之企業、公司名單。",勞動檢查處,"['勞動局', '其他']","['勞動局', '勞動檢查處']"
"1.近五年台北市勞動局勞檢件數、勞檢人員(其中約聘人員多少)幾位、勞檢範圍?
2.近五年「重大職災件數」統計表、造成傷亡人數多少位?
3.近五年各年度台北市勞動檢查員平均工作時數、編列的加班費預算?
4.勞檢員人力是否足夠? 若不足是從何時開始就不足?
5.勞檢人員薪資待遇。",勞動檢查處,"['勞動局', '其他']","['勞動局', '勞動檢查處']"
"1.近五年違反道路交通管理事件成果概況及其中民眾舉發案件數量占比列表
2.檢舉達人獎勵機制列表",交通事件裁決所,"['警察局', '其他']","['交通事件裁決所', '警察局']"
"1.惠請提供110年迄今，各年度外籍人士交通違規人數及案件統計（違規項目及件數）。
2.承1，各年度應繳罰款、已繳罰款、人數、收繳率。
3.承2，各年度外籍人士已離境未結案人數、案件數、未結案金額及佔當年度比率。
4.承2，各年度外籍人士已離境已結案人數（離境後才結案）、案件數、結案金額及佔當年度比率。",交通事件裁決所,['其他'],['交通事件裁決所']
"1.惠請提供北市公務機關太陽能發電設備建置情形（建置年度、面積或數量、經費、經費來源、預估發電量、實際發電量）。
2.北市公務機關共有幾處？已設立太陽能發電設備幾處？
3.承2，已設置太陽能設備機關類別、數量及佔該類別比例。
4.承2，未來各年度預計設置計畫（公部門）。
5.惠請提供北市各年度私部門太陽能發電設備建置情形。
6.承5，各年度補助私部門預算金額及執行情形。
7.惠請提供北市各年度太陽能設置容量及發電量（請區分公/私部門），2030年預計達成容量。
8.開放頂樓違建設置太陽能板申請情形。",立動物園,"['環境保護局', '文山區公所', '臺北自來水事業處', '臺北大眾捷運股份有限公司', '市政大樓公共事務管理中心', '大安區公所', '士林區公所', '社會局', '勞動局', '職能發展學院', '北投區公所', '大同區公所', '警察局', '體育局', '公務人員訓練處', '產業發展局', '其他', '工務局公園路燈工程管理處', '市場處', '都市發展局']","['士林區公所', '大同區公所', '大安區公所', '工務局公園路燈工程管理處', '公務人員訓練處', '文山區公所', '北投區公所', '市政大樓公共事務管理中心', '市場處', '立動物園', '社會局', '產業發展局', '都市發展局', '勞動局', '圖書館', '臺北大眾捷運股份有限公司', '臺北自來水事業處', '環境保護局', '職能發展學院', '警察局', '體育局']"
"1.惠請提供北市公務機關太陽能發電設備建置情形（建置年度、面積或數量、經費、經費來源、預估發電量、實際發電量）。
2.北市公務機關共有幾處？已設立太陽能發電設備幾處？
3.承2，已設置太陽能設備機關類別、數量及佔該類別比例。
4.承2，未來各年度預計設置計畫（公部門）。
5.惠請提供北市各年度私部門太陽能發電設備建置情形。
6.承5，各年度補助私部門預算金額及執行情形。
7.惠請提供北市各年度太陽能設置容量及發電量（請區分公/私部門），2030年預計達成容量。
8.開放頂樓違建設置太陽能板申請情形。",圖書館,"['環境保護局', '文山區公所', '臺北自來水事業處', '臺北大眾捷運股份有限公司', '市政大樓公共事務管理中心', '大安區公所', '士林區公所', '社會局', '勞動局', '職能發展學院', '北投區公所', '大同區公所', '警察局', '體育局', '公務人員訓練處', '產業發展局', '其他', '工務局公園路燈工程管理處', '市場處', '都市發展局']","['士林區公所', '大同區公所', '大安區公所', '工務局公園路燈工程管理處', '公務人員訓練處', '文山區公所', '北投區公所', '市政大樓公共事務管理中心', '市場處', '立動物園', '社會局', '產業發展局', '都市發展局', '勞動局', '圖書館', '臺北大眾捷運股份有限公司', '臺北自來水事業處', '環境保護局', '職能發展學院', '警察局', '體育局']"
"1.惠請提供目前由台北市政府管轄，有編列鄰里回饋金之體育類型場館名單
2.同時也請提供這些場館之回饋金法源依據、金額規模以及適用里範圍",教研中心,"['教育局', '體育局', '其他']","['教育局', '教研中心', '體育局']"
"1.惠請說明目前北市各機關共有多少app？前開app中，分別有多少已通過ISO 27001資安認證？有多少已取得行動應用資安標章MAS？多少已取得ISO 27701 隱私資訊管理認證？以認證別分。
2.惠請提供台北通111年及112年之下載數，以及111年及112年新增會員數。
3.惠請提供台北通112年及113年維護預算？
4.惠請提供111年及112年台北通平台每月平均流量，以月分別分。",立美術館,"['都市發展局', '衛生局', '消防局', '其他', '觀光傳播局', '資訊局', '教育局', '交通局', '警察局']","['立美術館', '交通局', '消防局', '教育局', '都市發展局', '資訊局', '圖書館', '衛生局', '警察局', '觀光傳播局']"
"1.惠請說明目前北市各機關共有多少app？前開app中，分別有多少已通過ISO 27001資安認證？有多少已取得行動應用資安標章MAS？多少已取得ISO 27701 隱私資訊管理認證？以認證別分。
2.惠請提供台北通111年及112年之下載數，以及111年及112年新增會員數。
3.惠請提供台北通112年及113年維護預算？
4.惠請提供111年及112年台北通平台每月平均流量，以月分別分。",圖書館,"['都市發展局', '衛生局', '消防局', '其他', '觀光傳播局', '資訊局', '教育局', '交通局', '警察局']","['立美術館', '交通局', '消防局', '教育局', '都市發展局', '資訊局', '圖書館', '衛生局', '警察局', '觀光傳播局']"
"1.提供108年迄今各機關單位有使用「台北惜物網」出售報廢公產的紀錄，包括年度、交易時間、機關單位名稱、出售公產品項、成交金額...等，製表呈現。
2.提供108年迄今未曾使用「台北惜物網」出售報廢公產的機關單位清單。

以上表格請提供excel檔，謝謝",動產質借處,['其他'],['動產質借處']
"1.提供各年度「台北惜物網」平台建置與維護費用資料，包括年度、建置費用、建置廠商、各年度維護費用、廠商...等，製表呈現。
2.提供108年迄今各年度「台北惜物網」相關統計資料，包括年度、會員人數、新增會員人數、物品件數、交易成功件數、棄單件數、該年度交易金額...等，製表呈現。
3.提供有關「台北惜物網」棄單的相關原因分析。
4.提供108年迄今各年度有關民眾反映台北惜物網的相關意見問題內容，製表呈現。
以上表格請提供excel檔，謝謝",動產質借處,['其他'],['動產質借處']
"1.請提供108年至112年6月29日，因駕車超過速限60KM遭吊扣牌照件數
2.請提供自112年6月30日至今，因駕車超過速限40公里以上遭吊扣牌照數
3.請提供108年至112年6月29日，因駕車超過速限60KM遭吊扣牌照，且不按時繳送被註銷車牌件數。
4.請提供自112年6月30日至今，因駕車超過速限40公里以上遭吊扣牌照數，且不按時繳送被註銷車牌件數",交通事件裁決所,['其他'],['交通事件裁決所']
"1.請提供近5年汽機車牌照吊扣數量，及吊扣車牌原因統計
2.請提供近5年汽機車牌照吊銷數量，及吊銷車牌原因統計",交通事件裁決所,['其他'],['交通事件裁決所']
"1.請提供動物園設計針對遊客填寫之滿意度調查問卷
2.問卷一年可以收回幾份?
3.請說明問卷收集到後，貴單位如何進行數據統計分析?
4.得到的調查結果會有什麼因應作為?",立動物園,['其他'],['立動物園']
"108~113年3月止每年交通違規前20名稱、件數、裁罰總金額、處理情形? (以上資料請務必提供格式電子檔，製表者請另附xls,xlsx或ods格式表單電子檔，寄至email:linanon8@gmail.com)謝謝",交通事件裁決所,['其他'],['交通事件裁決所']
"108~113年台北市每年交通違規罰鍰逾期未繳者前15名名稱、件數，未繳總金額?如何執行及成果?(以上資料請務必提供格式電子檔，製表者請另附xls,xlsx或ods格式表單電子檔，寄至email:linanon8@gmail.com)謝謝",交通事件裁決所,['其他'],['交通事件裁決所']
112年更換動物醫療器材設備完成情形(請提供清冊),立動物園,['其他'],['立動物園']
"一、110年至113年9月底 ,每年交通違規行為罰鍰金額前5名，分別為哪些項目?各項目的金額是多少?",交通事件裁決所,['其他'],['交通事件裁決所']
一、依研考會2024/03/26提供本辦近五年市民陳情案件統計表所示，請貴單位提供近五年市民陳情案樣態分析表，並以前20種陳情樣統計件數，結案件數，民眾滿意度，請逐年表列說明。,勞動力重建運用處,"['環境保護局', '工務局水利工程處', '觀光傳播局', '臺北自來水事業處', '公共運輸處', '社會局', '交通管制工程處', '勞動局', '衛生局', '教育局', '建築管理工程處', '都市發展局', '工務局新建工程處', '消防局', '體育局', '動物保護處', '工務局衛生下水道工程處', '其他', '商業處', '停車管理工程處', '工務局公園路燈工程管理處', '市場處', '民政局']","['工務局公園路燈工程管理處', '工務局水利工程處', '工務局新建工程處', '工務局衛生下水道工程處', '公共運輸處', '市場處', '民政局', '交通管制工程處', '社會局', '建築管理工程處', '消防局', '停車管理工程處', '動物保護處', '商業處', '教育局', '都市發展局', '勞動力重建運用處', '勞動局', '臺北自來水事業處', '衛生局', '環境保護局', '體育局', '觀光傳播局']"
"一、近五年(109年度至113年四月底)，違反道路交通管理處罰條例，裁罰吊扣車牌之車輛數，另請註明112年6月30日起實施交通違規記點新制實施後，須吊扣車牌數。本索資請裁決所答覆
二、近五年(109年度至113年四月底)偽造、變造車牌查獲件數、查獲偽造、變造車牌執法方式。以上請交通大隊答覆。",交通事件裁決所,"['警察局', '其他']","['交通事件裁決所', '警察局']"
"一、浩然敬老院改建中，原住於該院之長者目前安置情形為何？有多少人入住廣慈及其他地方？廣慈院區相關住房之規劃、設備預算、管理情形及管理人員人數為何？
二、浩然敬老院之改建工程預定於何時完工？目前入住廣慈之老人將於何時遷回浩然敬老院？而該部分老人遷回浩然後，目前所居住之廣慈房舍未來將做何規劃？",立浩然敬老院,['其他'],['立浩然敬老院']
"一、貴處近五年（含今年）發現民眾以假冒貴金屬典當之各年度案件為何？請列舉日期、假冒樣態（如常見「金包銀」或近年來中國盛行之「錸金詐騙」等）、損失金額、事後應處。
二、貴處防範假冒貴金屬典當之作法為何？請依各種樣態分論之。",動產質借處,['其他'],"['動產質借處', '動產質借處']"
"一、貴處近五年（含今年）發現民眾以假冒貴金屬典當之各年度案件為何？請列舉日期、假冒樣態（如常見「金包銀」或近年來中國盛行之「錸金詐騙」等）、損失金額、事後應處。
二、貴處防範假冒貴金屬典當之作法為何？請依各種樣態分論之。",動產質借處,['其他'],"['動產質借處', '動產質借處']"
"一、請提供本市現有 BOT 案件之一覽表，表內應含案名、案址、BO方及BOT契約年限、BOT契約之對價及回饋內容、主管局處。
二、請提供本市現有設定地上權案一覽表，表內應含案名、案址、設定人及契約年限、設定人提供之對價及回饋內容、主管局處。
三、以上資料免附紙本，請以 pdf 格式電子檔提供，製表者請另附 xls, xlsx 或 ods 格式表單電子檔。至紉公誼。",立動物園,"['地政局土地開發總隊', '產業發展局', '體育局', '其他', '財政局', '公共運輸處', '市場處', '文化局', '警察局']","['公共運輸處', '文化局', '市場處', '立動物園', '地政局土地開發總隊', '財政局', '產業發展局', '警察局', '體育局']"
"一、請提供貴館103年至113年每年收入。
二、請提供貴館110年至113年歷年收入組成。",立美術館,['其他'],['立美術館']
"一、請說明WOS如何成為貴館餐廳經營者。
二、請說明貴館與WOS如何分享利潤。
三、若有雙方所訂合約，請一併提供。",立美術館,['其他'],['立美術館']
"一、請說明北美館是否出售典藏，若有請說明出售方式，若無請說明理由。
二、請提供107年至113年2月，歷次美術品典藏審議委員會之會議議程、會議資料、會議紀錄，及簽到表。",立美術館,['其他'],['立美術館']
"一、請說明巡藝 ART to go如何成為貴館販賣部經營者。
二、請說明貴館與巡藝 ART to go如何分享利潤。
三、若有雙方所訂合約，請一併提供。",立美術館,['其他'],['立美術館']
"一、請說明使用貴館藝術家創作材料費預算，所為之藝術家創作成品，貴館如何保存。
二、請制表提供貴館目前所有之典藏作品名稱、作者名稱、收藏時間，及作品估值。
三、請說明貴館如何使用徵購國內外美術作品費預算。
四、請制表提供107年至112年，貴館歷年使用國內外美術作品費預算，所採購之典藏作品名稱、作者名稱、收藏時間，及購買價格。",立美術館,['其他'],['立美術館']
"一、請說明貴處如何核定電子產品質借價格。
二、請說明貴處如何核定車輛質借價格。",動產質借處,['其他'],['動產質借處']
"一、請說明貴園目前針對新設海洋教育生態園區，其擬飼育之海洋生物部分是否已有規劃。
二、承上題，預計何時開始準備海洋生物。",立動物園,['其他'],['立動物園']
"一、請說明貴館的鎮館之寶是哪樣館藏。
二、請說明鎮館之寶如何產生。
三、請制表提供貴館館藏有獲得比賽成績者，及其獲得獎項。
四、請說明貴館如何評估館藏吸引訪客能力。
五、承上題，請制表提供評估吸引訪客能力資料。",立美術館,['其他'],['立美術館']
"一、請說明蔣萬安市長拍攝「國際無車日」短片（https://www.instagram.com/p/DANJrP0tjX0/ ）違規騎乘自行車之違規事由與相關罰鍰。

二、請提供蔣萬安市長違規騎乘自行車舉發時間、開罰時間及繳納罰款時間。

索資回復請同步寄至：hcyelection2022@gmail.com",交通事件裁決所,"['其他', '警察局交通警察大隊']","['交通事件裁決所', '警察局交通警察大隊']"
"工程之營建剩餘土石方處理及交換利用作業，工程使用35噸傾卸貨車，未符契約編列使用15噸車之件數、機關及運送廠商名稱、原編列單價、實際支付單價、溢付金額、事後如何處裡、有何懲處? 工程餘土原契約運送地點、公告費率、送往臺北港運棄、機關及運送廠商名稱、公告費率、溢付金額、事後如何處裡、有何懲處? 工程土方交換地點因運距縮短未覈實調整運輸費用機關及運送廠商名稱、原運費、新運費、溢付金額、事後如何處裡、有何懲處? (以上資料請務必提供格式電子檔，製表者請另附xls,xlsx或ods格式表單電子檔，寄至email:linanon8@gmail.com)謝謝",臺北自來水事業處工程總隊,"['地政局土地開發總隊', '工務局大地工程處', '捷運工程局', '工務局新建工程處', '環境保護局', '工務局衛生下水道工程處', '其他', '工務局公園路燈工程管理處', '工務局水利工程處', '臺北翡翠水庫管理局', '工務局', '交通局', '市場處', '都市發展局']","['工務局', '工務局大地工程處', '工務局公園路燈工程管理處', '工務局水利工程處', '工務局新建工程處', '工務局衛生下水道工程處', '市場處', '交通局', '地政局土地開發總隊', '捷運工程局', '都市發展局', '臺北自來水事業處工程總隊', '臺北翡翠水庫管理局', '環境保護局']"
中正區杭州南路一段27號2樓、11樓這兩戶之二類謄本、異動索引,建成地政事務所,['其他'],['建成地政事務所']
"日前接獲陳情，陳情人林祖文機車停放於私設騎樓，遭檢舉而收3張罰單，蓋停管處立有騎樓禁止停車的牌面於該騎樓。
嗣後陳情人提示資料表示該私設騎樓地籍資料「主建物」建物分層同時登記「騎樓」及「停車場」，應有合法停車的權利。
經議員向該管分局反應後，即辦理銷單。

請市警局、裁決所提供以下資料：
2022年北市罰單的銷單數，請區分銷單原因並以表格呈現銷單數據，請提供Excel檔和PDF檔俾供後續分析運用。

議員主要想關心類似林先生的情形，因警方資訊不足開立罰單，而有開立要件錯誤、免罰等情形之狀況，請市府各單位加以檢討改進，煩請市警局和裁決所盡速提供。",交通事件裁決所,['其他'],['交通事件裁決所']
"主旨：茲因研究與問政所需，敬請 貴局協助提供庇護工場相關資料，詳見說明，請 查照見復。

說明：
一、請貴局提供111年至今，各庇護工場之營運盈虧，以各年度區分之，數據須有與前年度盈虧之比較。

二、呈上點，請貴局提供111年至今，各庇護工場之平均月薪，並以各年度區分之。

三、請貴局提供111年至今，各年度協助庇護性就業者轉銜至一般職場之人數、轉銜率。",勞動力重建運用處,['其他'],['勞動力重建運用處']
"主旨：茲因研究與問政所需，敬請 貴局協助提供相關資料，詳見說明，請 查照見復。

說明：

一、請貴局提供109年至112年臺北廣播電臺各平台（YouTube、Podcast 等）各節目、頻道之收聽數或收看數，以逐年度統計並以表格呈現，資料請一併附上該年度廣播業務預算數。

二、如對索取內容有疑義，請電本研究室或0970720169宋哲緯。",臺北廣播電臺,['其他'],['臺北廣播電臺']
"主旨:茲因問政之需要，惠請貴機關協助提供自民國108年至113年2月底止，貴機關內部各單位於各年度每季退休、免職、辭職及調遷其他機關人員數統計資料為禱，請查照。
說明:一、因問政之需要，惠請貴機關協助提供自民國108年至113年2月底止，貴機關內部各單位於各年度每季退休、免職、辭職及調遷其他機關人員數統計資料。
二、前項所稱機關內部單位者，請以貴機關內部之各科、組、課或室等為單位分別統計之。
三、並請提供貴機關各內部單位之各該年度預算員額總人數資料。",立天文科學教育館,"['工務局大地工程處', '環境保護局', '殯葬管理處', '工務局水利工程處', '觀光傳播局', '臺北大眾捷運股份有限公司', '公共運輸處', '地政局', '交通局', '社會局', '民政局', '勞動局', '交通管制工程處', '捷運工程局', '衛生局', '客家事務委員會', '家庭暴力暨性侵害防治中心', '工務局', '教育局', '警察局', '建築管理工程處', '研究發展考核委員會', '工務局新建工程處', '消防局', '體育局', '工務局公園路燈工程管理處', '動物保護處', '原住民族事務委員會', '文化局', '都市更新處', '工務局衛生下水道工程處', '產業發展局', '其他', '商業處', '停車管理工程處', '資訊局', '臺北翡翠水庫管理局', '法務局', '市場處', '環境保護局環保稽查大隊', '都市發展局']","['工務局', '工務局大地工程處', '工務局公園路燈工程管理處', '工務局水利工程處', '工務局新建工程處', '工務局衛生下水道工程處', '公共運輸處', '文化局', '市場處', '民政局', '立天文科學教育館', '立浩然敬老院', '立動物園', '交通局', '交通事件裁決所', '交通管制工程處', '地政局', '法務局', '社會局', '客家事務委員會', '建築管理工程處', '研究發展考核委員會', '原住民族事務委員會', '家庭暴力暨性侵害防治中心', '消防局', '停車管理工程處', '動物保護處', '商業處', '捷運工程局', '教育局', '教師研習中心', '產業發展局', '都市更新處', '都市發展局', '勞動力重建運用處', '勞動局', '勞動檢查處', '就業服務處', '陽明教養院', '資訊局', '臺北大眾捷運股份有限公司', '臺北翡翠水庫管理局', '衛生局', '環境保護局', '環境保護局環保稽查大隊', '殯葬管理處', '警察局', '警察局', '體育局', '觀光傳播局']"
"主旨:茲因問政之需要，惠請貴機關協助提供自民國108年至113年2月底止，貴機關內部各單位於各年度每季退休、免職、辭職及調遷其他機關人員數統計資料為禱，請查照。
說明:一、因問政之需要，惠請貴機關協助提供自民國108年至113年2月底止，貴機關內部各單位於各年度每季退休、免職、辭職及調遷其他機關人員數統計資料。
二、前項所稱機關內部單位者，請以貴機關內部之各科、組、課或室等為單位分別統計之。
三、並請提供貴機關各內部單位之各該年度預算員額總人數資料。",立浩然敬老院,"['工務局大地工程處', '環境保護局', '殯葬管理處', '工務局水利工程處', '觀光傳播局', '臺北大眾捷運股份有限公司', '公共運輸處', '地政局', '交通局', '社會局', '民政局', '勞動局', '交通管制工程處', '捷運工程局', '衛生局', '客家事務委員會', '家庭暴力暨性侵害防治中心', '工務局', '教育局', '警察局', '建築管理工程處', '研究發展考核委員會', '工務局新建工程處', '消防局', '體育局', '工務局公園路燈工程管理處', '動物保護處', '原住民族事務委員會', '文化局', '都市更新處', '工務局衛生下水道工程處', '產業發展局', '其他', '商業處', '停車管理工程處', '資訊局', '臺北翡翠水庫管理局', '法務局', '市場處', '環境保護局環保稽查大隊', '都市發展局']","['工務局', '工務局大地工程處', '工務局公園路燈工程管理處', '工務局水利工程處', '工務局新建工程處', '工務局衛生下水道工程處', '公共運輸處', '文化局', '市場處', '民政局', '立天文科學教育館', '立浩然敬老院', '立動物園', '交通局', '交通事件裁決所', '交通管制工程處', '地政局', '法務局', '社會局', '客家事務委員會', '建築管理工程處', '研究發展考核委員會', '原住民族事務委員會', '家庭暴力暨性侵害防治中心', '消防局', '停車管理工程處', '動物保護處', '商業處', '捷運工程局', '教育局', '教師研習中心', '產業發展局', '都市更新處', '都市發展局', '勞動力重建運用處', '勞動局', '勞動檢查處', '就業服務處', '陽明教養院', '資訊局', '臺北大眾捷運股份有限公司', '臺北翡翠水庫管理局', '衛生局', '環境保護局', '環境保護局環保稽查大隊', '殯葬管理處', '警察局', '警察局', '體育局', '觀光傳播局']"
"主旨:茲因問政之需要，惠請貴機關協助提供自民國108年至113年2月底止，貴機關內部各單位於各年度每季退休、免職、辭職及調遷其他機關人員數統計資料為禱，請查照。
說明:一、因問政之需要，惠請貴機關協助提供自民國108年至113年2月底止，貴機關內部各單位於各年度每季退休、免職、辭職及調遷其他機關人員數統計資料。
二、前項所稱機關內部單位者，請以貴機關內部之各科、組、課或室等為單位分別統計之。
三、並請提供貴機關各內部單位之各該年度預算員額總人數資料。",立動物園,"['工務局大地工程處', '環境保護局', '殯葬管理處', '工務局水利工程處', '觀光傳播局', '臺北大眾捷運股份有限公司', '公共運輸處', '地政局', '交通局', '社會局', '民政局', '勞動局', '交通管制工程處', '捷運工程局', '衛生局', '客家事務委員會', '家庭暴力暨性侵害防治中心', '工務局', '教育局', '警察局', '建築管理工程處', '研究發展考核委員會', '工務局新建工程處', '消防局', '體育局', '工務局公園路燈工程管理處', '動物保護處', '原住民族事務委員會', '文化局', '都市更新處', '工務局衛生下水道工程處', '產業發展局', '其他', '商業處', '停車管理工程處', '資訊局', '臺北翡翠水庫管理局', '法務局', '市場處', '環境保護局環保稽查大隊', '都市發展局']","['工務局', '工務局大地工程處', '工務局公園路燈工程管理處', '工務局水利工程處', '工務局新建工程處', '工務局衛生下水道工程處', '公共運輸處', '文化局', '市場處', '民政局', '立天文科學教育館', '立浩然敬老院', '立動物園', '交通局', '交通事件裁決所', '交通管制工程處', '地政局', '法務局', '社會局', '客家事務委員會', '建築管理工程處', '研究發展考核委員會', '原住民族事務委員會', '家庭暴力暨性侵害防治中心', '消防局', '停車管理工程處', '動物保護處', '商業處', '捷運工程局', '教育局', '教師研習中心', '產業發展局', '都市更新處', '都市發展局', '勞動力重建運用處', '勞動局', '勞動檢查處', '就業服務處', '陽明教養院', '資訊局', '臺北大眾捷運股份有限公司', '臺北翡翠水庫管理局', '衛生局', '環境保護局', '環境保護局環保稽查大隊', '殯葬管理處', '警察局', '警察局', '體育局', '觀光傳播局']"
"主旨:茲因問政之需要，惠請貴機關協助提供自民國108年至113年2月底止，貴機關內部各單位於各年度每季退休、免職、辭職及調遷其他機關人員數統計資料為禱，請查照。
說明:一、因問政之需要，惠請貴機關協助提供自民國108年至113年2月底止，貴機關內部各單位於各年度每季退休、免職、辭職及調遷其他機關人員數統計資料。
二、前項所稱機關內部單位者，請以貴機關內部之各科、組、課或室等為單位分別統計之。
三、並請提供貴機關各內部單位之各該年度預算員額總人數資料。",交通事件裁決所,"['工務局大地工程處', '環境保護局', '殯葬管理處', '工務局水利工程處', '觀光傳播局', '臺北大眾捷運股份有限公司', '公共運輸處', '地政局', '交通局', '社會局', '民政局', '勞動局', '交通管制工程處', '捷運工程局', '衛生局', '客家事務委員會', '家庭暴力暨性侵害防治中心', '工務局', '教育局', '警察局', '建築管理工程處', '研究發展考核委員會', '工務局新建工程處', '消防局', '體育局', '工務局公園路燈工程管理處', '動物保護處', '原住民族事務委員會', '文化局', '都市更新處', '工務局衛生下水道工程處', '產業發展局', '其他', '商業處', '停車管理工程處', '資訊局', '臺北翡翠水庫管理局', '法務局', '市場處', '環境保護局環保稽查大隊', '都市發展局']","['工務局', '工務局大地工程處', '工務局公園路燈工程管理處', '工務局水利工程處', '工務局新建工程處', '工務局衛生下水道工程處', '公共運輸處', '文化局', '市場處', '民政局', '立天文科學教育館', '立浩然敬老院', '立動物園', '交通局', '交通事件裁決所', '交通管制工程處', '地政局', '法務局', '社會局', '客家事務委員會', '建築管理工程處', '研究發展考核委員會', '原住民族事務委員會', '家庭暴力暨性侵害防治中心', '消防局', '停車管理工程處', '動物保護處', '商業處', '捷運工程局', '教育局', '教師研習中心', '產業發展局', '都市更新處', '都市發展局', '勞動力重建運用處', '勞動局', '勞動檢查處', '就業服務處', '陽明教養院', '資訊局', '臺北大眾捷運股份有限公司', '臺北翡翠水庫管理局', '衛生局', '環境保護局', '環境保護局環保稽查大隊', '殯葬管理處', '警察局', '警察局', '體育局', '觀光傳播局']"
"主旨:茲因問政之需要，惠請貴機關協助提供自民國108年至113年2月底止，貴機關內部各單位於各年度每季退休、免職、辭職及調遷其他機關人員數統計資料為禱，請查照。
說明:一、因問政之需要，惠請貴機關協助提供自民國108年至113年2月底止，貴機關內部各單位於各年度每季退休、免職、辭職及調遷其他機關人員數統計資料。
二、前項所稱機關內部單位者，請以貴機關內部之各科、組、課或室等為單位分別統計之。
三、並請提供貴機關各內部單位之各該年度預算員額總人數資料。",教師研習中心,"['工務局大地工程處', '環境保護局', '殯葬管理處', '工務局水利工程處', '觀光傳播局', '臺北大眾捷運股份有限公司', '公共運輸處', '地政局', '交通局', '社會局', '民政局', '勞動局', '交通管制工程處', '捷運工程局', '衛生局', '客家事務委員會', '家庭暴力暨性侵害防治中心', '工務局', '教育局', '警察局', '建築管理工程處', '研究發展考核委員會', '工務局新建工程處', '消防局', '體育局', '工務局公園路燈工程管理處', '動物保護處', '原住民族事務委員會', '文化局', '都市更新處', '工務局衛生下水道工程處', '產業發展局', '其他', '商業處', '停車管理工程處', '資訊局', '臺北翡翠水庫管理局', '法務局', '市場處', '環境保護局環保稽查大隊', '都市發展局']","['工務局', '工務局大地工程處', '工務局公園路燈工程管理處', '工務局水利工程處', '工務局新建工程處', '工務局衛生下水道工程處', '公共運輸處', '文化局', '市場處', '民政局', '立天文科學教育館', '立浩然敬老院', '立動物園', '交通局', '交通事件裁決所', '交通管制工程處', '地政局', '法務局', '社會局', '客家事務委員會', '建築管理工程處', '研究發展考核委員會', '原住民族事務委員會', '家庭暴力暨性侵害防治中心', '消防局', '停車管理工程處', '動物保護處', '商業處', '捷運工程局', '教育局', '教師研習中心', '產業發展局', '都市更新處', '都市發展局', '勞動力重建運用處', '勞動局', '勞動檢查處', '就業服務處', '陽明教養院', '資訊局', '臺北大眾捷運股份有限公司', '臺北翡翠水庫管理局', '衛生局', '環境保護局', '環境保護局環保稽查大隊', '殯葬管理處', '警察局', '警察局', '體育局', '觀光傳播局']"
"主旨:茲因問政之需要，惠請貴機關協助提供自民國108年至113年2月底止，貴機關內部各單位於各年度每季退休、免職、辭職及調遷其他機關人員數統計資料為禱，請查照。
說明:一、因問政之需要，惠請貴機關協助提供自民國108年至113年2月底止，貴機關內部各單位於各年度每季退休、免職、辭職及調遷其他機關人員數統計資料。
二、前項所稱機關內部單位者，請以貴機關內部之各科、組、課或室等為單位分別統計之。
三、並請提供貴機關各內部單位之各該年度預算員額總人數資料。",勞動力重建運用處,"['工務局大地工程處', '環境保護局', '殯葬管理處', '工務局水利工程處', '觀光傳播局', '臺北大眾捷運股份有限公司', '公共運輸處', '地政局', '交通局', '社會局', '民政局', '勞動局', '交通管制工程處', '捷運工程局', '衛生局', '客家事務委員會', '家庭暴力暨性侵害防治中心', '工務局', '教育局', '警察局', '建築管理工程處', '研究發展考核委員會', '工務局新建工程處', '消防局', '體育局', '工務局公園路燈工程管理處', '動物保護處', '原住民族事務委員會', '文化局', '都市更新處', '工務局衛生下水道工程處', '產業發展局', '其他', '商業處', '停車管理工程處', '資訊局', '臺北翡翠水庫管理局', '法務局', '市場處', '環境保護局環保稽查大隊', '都市發展局']","['工務局', '工務局大地工程處', '工務局公園路燈工程管理處', '工務局水利工程處', '工務局新建工程處', '工務局衛生下水道工程處', '公共運輸處', '文化局', '市場處', '民政局', '立天文科學教育館', '立浩然敬老院', '立動物園', '交通局', '交通事件裁決所', '交通管制工程處', '地政局', '法務局', '社會局', '客家事務委員會', '建築管理工程處', '研究發展考核委員會', '原住民族事務委員會', '家庭暴力暨性侵害防治中心', '消防局', '停車管理工程處', '動物保護處', '商業處', '捷運工程局', '教育局', '教師研習中心', '產業發展局', '都市更新處', '都市發展局', '勞動力重建運用處', '勞動局', '勞動檢查處', '就業服務處', '陽明教養院', '資訊局', '臺北大眾捷運股份有限公司', '臺北翡翠水庫管理局', '衛生局', '環境保護局', '環境保護局環保稽查大隊', '殯葬管理處', '警察局', '警察局', '體育局', '觀光傳播局']"
"主旨:茲因問政之需要，惠請貴機關協助提供自民國108年至113年2月底止，貴機關內部各單位於各年度每季退休、免職、辭職及調遷其他機關人員數統計資料為禱，請查照。
說明:一、因問政之需要，惠請貴機關協助提供自民國108年至113年2月底止，貴機關內部各單位於各年度每季退休、免職、辭職及調遷其他機關人員數統計資料。
二、前項所稱機關內部單位者，請以貴機關內部之各科、組、課或室等為單位分別統計之。
三、並請提供貴機關各內部單位之各該年度預算員額總人數資料。",勞動檢查處,"['工務局大地工程處', '環境保護局', '殯葬管理處', '工務局水利工程處', '觀光傳播局', '臺北大眾捷運股份有限公司', '公共運輸處', '地政局', '交通局', '社會局', '民政局', '勞動局', '交通管制工程處', '捷運工程局', '衛生局', '客家事務委員會', '家庭暴力暨性侵害防治中心', '工務局', '教育局', '警察局', '建築管理工程處', '研究發展考核委員會', '工務局新建工程處', '消防局', '體育局', '工務局公園路燈工程管理處', '動物保護處', '原住民族事務委員會', '文化局', '都市更新處', '工務局衛生下水道工程處', '產業發展局', '其他', '商業處', '停車管理工程處', '資訊局', '臺北翡翠水庫管理局', '法務局', '市場處', '環境保護局環保稽查大隊', '都市發展局']","['工務局', '工務局大地工程處', '工務局公園路燈工程管理處', '工務局水利工程處', '工務局新建工程處', '工務局衛生下水道工程處', '公共運輸處', '文化局', '市場處', '民政局', '立天文科學教育館', '立浩然敬老院', '立動物園', '交通局', '交通事件裁決所', '交通管制工程處', '地政局', '法務局', '社會局', '客家事務委員會', '建築管理工程處', '研究發展考核委員會', '原住民族事務委員會', '家庭暴力暨性侵害防治中心', '消防局', '停車管理工程處', '動物保護處', '商業處', '捷運工程局', '教育局', '教師研習中心', '產業發展局', '都市更新處', '都市發展局', '勞動力重建運用處', '勞動局', '勞動檢查處', '就業服務處', '陽明教養院', '資訊局', '臺北大眾捷運股份有限公司', '臺北翡翠水庫管理局', '衛生局', '環境保護局', '環境保護局環保稽查大隊', '殯葬管理處', '警察局', '警察局', '體育局', '觀光傳播局']"
"主旨:茲因問政之需要，惠請貴機關協助提供自民國108年至113年2月底止，貴機關內部各單位於各年度每季退休、免職、辭職及調遷其他機關人員數統計資料為禱，請查照。
說明:一、因問政之需要，惠請貴機關協助提供自民國108年至113年2月底止，貴機關內部各單位於各年度每季退休、免職、辭職及調遷其他機關人員數統計資料。
二、前項所稱機關內部單位者，請以貴機關內部之各科、組、課或室等為單位分別統計之。
三、並請提供貴機關各內部單位之各該年度預算員額總人數資料。",就業服務處,"['工務局大地工程處', '環境保護局', '殯葬管理處', '工務局水利工程處', '觀光傳播局', '臺北大眾捷運股份有限公司', '公共運輸處', '地政局', '交通局', '社會局', '民政局', '勞動局', '交通管制工程處', '捷運工程局', '衛生局', '客家事務委員會', '家庭暴力暨性侵害防治中心', '工務局', '教育局', '警察局', '建築管理工程處', '研究發展考核委員會', '工務局新建工程處', '消防局', '體育局', '工務局公園路燈工程管理處', '動物保護處', '原住民族事務委員會', '文化局', '都市更新處', '工務局衛生下水道工程處', '產業發展局', '其他', '商業處', '停車管理工程處', '資訊局', '臺北翡翠水庫管理局', '法務局', '市場處', '環境保護局環保稽查大隊', '都市發展局']","['工務局', '工務局大地工程處', '工務局公園路燈工程管理處', '工務局水利工程處', '工務局新建工程處', '工務局衛生下水道工程處', '公共運輸處', '文化局', '市場處', '民政局', '立天文科學教育館', '立浩然敬老院', '立動物園', '交通局', '交通事件裁決所', '交通管制工程處', '地政局', '法務局', '社會局', '客家事務委員會', '建築管理工程處', '研究發展考核委員會', '原住民族事務委員會', '家庭暴力暨性侵害防治中心', '消防局', '停車管理工程處', '動物保護處', '商業處', '捷運工程局', '教育局', '教師研習中心', '產業發展局', '都市更新處', '都市發展局', '勞動力重建運用處', '勞動局', '勞動檢查處', '就業服務處', '陽明教養院', '資訊局', '臺北大眾捷運股份有限公司', '臺北翡翠水庫管理局', '衛生局', '環境保護局', '環境保護局環保稽查大隊', '殯葬管理處', '警察局', '警察局', '體育局', '觀光傳播局']"
"主旨:茲因問政之需要，惠請貴機關協助提供自民國108年至113年2月底止，貴機關內部各單位於各年度每季退休、免職、辭職及調遷其他機關人員數統計資料為禱，請查照。
說明:一、因問政之需要，惠請貴機關協助提供自民國108年至113年2月底止，貴機關內部各單位於各年度每季退休、免職、辭職及調遷其他機關人員數統計資料。
二、前項所稱機關內部單位者，請以貴機關內部之各科、組、課或室等為單位分別統計之。
三、並請提供貴機關各內部單位之各該年度預算員額總人數資料。",陽明教養院,"['工務局大地工程處', '環境保護局', '殯葬管理處', '工務局水利工程處', '觀光傳播局', '臺北大眾捷運股份有限公司', '公共運輸處', '地政局', '交通局', '社會局', '民政局', '勞動局', '交通管制工程處', '捷運工程局', '衛生局', '客家事務委員會', '家庭暴力暨性侵害防治中心', '工務局', '教育局', '警察局', '建築管理工程處', '研究發展考核委員會', '工務局新建工程處', '消防局', '體育局', '工務局公園路燈工程管理處', '動物保護處', '原住民族事務委員會', '文化局', '都市更新處', '工務局衛生下水道工程處', '產業發展局', '其他', '商業處', '停車管理工程處', '資訊局', '臺北翡翠水庫管理局', '法務局', '市場處', '環境保護局環保稽查大隊', '都市發展局']","['工務局', '工務局大地工程處', '工務局公園路燈工程管理處', '工務局水利工程處', '工務局新建工程處', '工務局衛生下水道工程處', '公共運輸處', '文化局', '市場處', '民政局', '立天文科學教育館', '立浩然敬老院', '立動物園', '交通局', '交通事件裁決所', '交通管制工程處', '地政局', '法務局', '社會局', '客家事務委員會', '建築管理工程處', '研究發展考核委員會', '原住民族事務委員會', '家庭暴力暨性侵害防治中心', '消防局', '停車管理工程處', '動物保護處', '商業處', '捷運工程局', '教育局', '教師研習中心', '產業發展局', '都市更新處', '都市發展局', '勞動力重建運用處', '勞動局', '勞動檢查處', '就業服務處', '陽明教養院', '資訊局', '臺北大眾捷運股份有限公司', '臺北翡翠水庫管理局', '衛生局', '環境保護局', '環境保護局環保稽查大隊', '殯葬管理處', '警察局', '警察局', '體育局', '觀光傳播局']"
北美館「飛地」一展，於一樓展廳房間內，有播放先總統蔣公的影片，想請教該影片想傳達給觀眾的用意為何?藝術家為何？是否可以提供該部影片予議員研究室？另請說明，以上可能讓民眾誤解，似帶有政治意識型態的影片，是否適合放在北美館展出？選擇蔣總統作為作品分析對象的原因是什麼？,立美術館,['其他'],['立美術館']
因公務需要敬請貴局盡速提供本市中山區吉林路206號建物權相關資料予本席，謝謝！,中山地政事務所,['其他'],['中山地政事務所']
"因市政研究需求，煩請依附圖提供下列資料：

一、煩請提供2014年迄今，於動物園內發生意外的所有案件清單，以及公共意外險出險的案件清單，請依年度、日期、意外發生原因、出險金額分類列表。

請提供可編輯格式之電子檔（若有表格請附EXCEL檔案）。

如索資內容有不清楚之處，請來電詢問確認。若資料無法準時回覆，也請來電通知。

備註：依據《中華民國刑法》第213條：「公務員明知為不實之事項，而登載於職務上所掌之公文書，足以生損害於公眾或他人者，處一年以上七年以下有期徒刑」若資料發現造假將移送法辦，公務人員奉公守法，不要為政黨服務。",立動物園,['其他'],['立動物園']
"因市政研究需要，煩請提供下列資料

一、煩請依照附件提供補助計畫資料，如詳細計畫內容、計畫書、說帖、向中央申請補助的計畫書等，並說明補助內容(如補助對象？補助人數？)

備註：請提供可編輯電子檔，上述資料如違反《中華民國刑法》第213條，將依法送辦。",臺北自來水事業處工程總隊,"['捷運工程局', '衛生局', '環境保護局', '地政局', '產業發展局', '消防局', '其他', '停車管理工程處', '財政局', '臺北大眾捷運股份有限公司', '教育局', '民政局', '市場處', '勞動局', '都市發展局']","['市場處', '民政局', '地政局', '消防局', '財政局', '停車管理工程處', '捷運工程局', '教育局', '產業發展局', '都市發展局', '勞動局', '臺北大眾捷運股份有限公司', '臺北自來水事業處工程總隊', '衛生局', '環境保護局']"
"因市政研究需要，煩請提供下列資料：

一、煩請提供台北市中正區林森南路10號三樓之土地所有權部異動索引。

備註：上述資料如違反《中華民國刑法》第213條，將依法送辦。",建成地政事務所,['其他'],['建成地政事務所']
"因市政研究需要，煩請提供下列資料：

一、煩請提供附檔內貴局處以及所屬機關與台智光簽定的服務協約(資料請提供至2024年)，並說明是否召開過討論會議，請於附檔內增列會議日期。

二、呈上題，煩請提供各機關討論會議紀錄、會議資料、簽到表以及所有相關附件。

請提供可編輯格式之電子檔（若有表格請附EXCEL檔案）。

如索資內容有不清楚之處，請來電詢問確認。若資料無法準時回覆，也請來電通知。

備註：依據《中華民國刑法》第213條：「公務員明知為不實之事項，而登載於職務上所掌之公文書，足以生損害於公眾或他人者，處一年以上七年以下有期徒刑」若資料發現造假將移送法辦，公務人員奉公守法，不要為政黨服務。",立美術館,"['工務局大地工程處', '殯葬管理處', '工務局水利工程處', '臺北自來水事業處', '臺北大眾捷運股份有限公司', '公共運輸處', '社會局', '勞動局', '捷運工程局', '衛生局', '稅捐稽徵處', '教育局', '警察局', '工務局新建工程處', '消防局', '動物保護處', '產業發展局', '其他', '人事處', '資訊局', '工務局公園路燈工程管理處', '工務局', '市場處', '民政局']","['人事處', '工務局', '工務局大地工程處', '工務局公園路燈工程管理處', '工務局水利工程處', '工務局新建工程處', '公共運輸處', '市場處', '民政局', '立美術館', '社會局', '消防局', '動物保護處', '捷運工程局', '教育局', '產業發展局', '勞動局', '稅捐稽徵處', '資訊局', '臺北大眾捷運股份有限公司', '臺北自來水事業處', '衛生局', '殯葬管理處', '警察局']"
"因民眾反映浩然敬老院重建工程假日施工,影響居民甚鉅, 請自即日起假日停止施工以免擾民",立浩然敬老院,"['其他', '捷運工程局第一區工程處']","['立浩然敬老院', '捷運工程局第一區工程處']"
"因問政所需，請提供以下地址之建物登記第二類謄本、第二類地籍異動索引：

台北市中正區臨沂街61巷2號5樓之1",建成地政事務所,['其他'],['建成地政事務所']
"因問政所需，請說明：
一、貴處所轄之融資案件，是否曾有三個月內就同一標的設定三次融資並撥款之案件？此一設定模式是否合乎貴處或設定融資之相關規定（據法規條文內容回覆）？
二、貴處所轄之各類融資案件，各物品（以貴處下列網址公告為準）近期統計之平均案件估價額、質借額和案件平均放款成數比例為何？
https://op.gov.taipei/cp.aspx?n=E2B8D97A65D6ECAC
如有疑義請洽本辦本案聯絡人。",動產質借處,['其他'],['動產質借處']
因應問政需求，請提供門牌（內湖區金龍路194、196、198、200號）1至5樓二類謄本。,中山地政事務所,['其他'],['中山地政事務所']
"因應問政需要，惠請提供下列資料：

去年死亡馬來貘「貘豆」的病理解剖報告。",立動物園,['其他'],['立動物園']
有關內湖焚化廠游泳池外(葫蘆洲公園)改建乙案 相關資料及預計改建期程 (北市環內焚字第1123003506號),環境保護局內湖垃圾焚化廠,['其他'],['環境保護局內湖垃圾焚化廠']
有關木柵焚化廠堆肥飄出異味，造成深坑區居民困擾，請提供相關改善作為。,環境保護局木柵垃圾焚化廠,['其他'],['環境保護局木柵垃圾焚化廠']
"有關台北市市立動物園五年來參觀人數及在漲價後的人數有沒有落差,每月動物花費,伙食費,園區修繕費用,獸醫的人數,環境維護的事項,目前動物數量",立動物園,['其他'],['立動物園']
"有關電價上漲後全市活動場地使用費及配套方式,是否會提高民眾租借上成本問題。",立天文科學教育館,"['體育局', '其他', '工務局水利工程處', '工務局公園路燈工程管理處', '文化局']","['工務局公園路燈工程管理處', '工務局水利工程處', '文化局', '立天文科學教育館', '圖書館', '體育局']"
"有關電價上漲後全市活動場地使用費及配套方式,是否會提高民眾租借上成本問題。",圖書館,"['體育局', '其他', '工務局水利工程處', '工務局公園路燈工程管理處', '文化局']","['工務局公園路燈工程管理處', '工務局水利工程處', '文化局', '立天文科學教育館', '圖書館', '體育局']"
承11140303802索資，請將臺北惜物網之【維護費】、【管理費】依各年度補進excel統計表。,動產質借處,['其他'],['動產質借處']
承索資11140411642，請提供調解紀錄、廠商申訴書與機關答辯等所有文書。,臺北自來水事業處工程總隊,['其他'],['臺北自來水事業處工程總隊']
近3年台北市政府各局處共採購幾部電動機車？編列預算、採購金額為何？,動產質借處,"['主計處', '工務局大地工程處', '環境保護局', '工務局水利工程處', '觀光傳播局', '臺北自來水事業處', '臺北大眾捷運股份有限公司', '地政局', '交通局', '民政局', '社會局', '勞動局', '捷運工程局', '衛生局', '客家事務委員會', '秘書處', '工務局', '稅捐稽徵處', '財政局', '教育局', '政風處', '警察局', '研究發展考核委員會', '工務局新建工程處', '消防局', '體育局', '工務局公園路燈工程管理處', '原住民族事務委員會', '文化局', '公務人員訓練處', '工務局衛生下水道工程處', '產業發展局', '其他', '青年局', '人事處', '兵役局', '資訊局', '臺北翡翠水庫管理局', '法務局', '都市發展局']","['人事處', '工務局', '工務局大地工程處', '工務局公園路燈工程管理處', '工務局水利工程處', '工務局新建工程處', '工務局衛生下水道工程處', '公務人員訓練處', '文化局', '主計處', '民政局', '交通局', '地政局', '兵役局', '法務局', '社會局', '青年局', '客家事務委員會', '政風處', '研究發展考核委員會', '原住民族事務委員會', '消防局', '秘書處', '財政局', '動產質借處', '捷運工程局', '教育局', '產業發展局', '都市發展局', '勞動局', '稅捐稽徵處', '資訊局', '臺北大眾捷運股份有限公司', '臺北自來水事業處', '臺北翡翠水庫管理局', '衛生局', '環境保護局', '警察局', '體育局', '觀光傳播局']"
附件中所列貴單位相關計畫之預算，若為114年所「新增」（即過往未曾執行過相關業務者）請列舉之。,立動物園,"['環境保護局', '其他', '工務局公園路燈工程管理處', '工務局水利工程處', '動物保護處', '臺北自來水事業處', '臺北翡翠水庫管理局']","['工務局公園路燈工程管理處', '工務局水利工程處', '立動物園', '動物保護處', '臺北自來水事業處', '臺北翡翠水庫管理局', '環境保護局']"
"南松山地區再生計畫後續隻規劃為何？
一、松山圖書館為高氯離子混泥土建物，何時拆除重建？",立圖書館,['其他'],['立圖書館']
"為回覆民眾疑慮，請針對下列問題釋疑。
1.地號：文德段一小段母號223號(含各子號)及周圍土地，原先應為河渠道(公有地)，經填平後，多次歷經使用分區變更，及切割為畸零地並出售予他人，成私有地。請提供上述相關變更之歷程及緣由。",中山地政事務所,"['其他', '都市發展局']","['中山地政事務所', '都市發展局']"
為協助電桿地下化，請提供潭美段三小段772-1、770-4、770-1、771-1等四筆地號第二類謄本。,中山地政事務所,['其他'],['中山地政事務所']
"為研究與問政所需，懇請貴單位協助提供太陽光電自發自用系統相關資料，並請依權責內容回答，並於5月15日下班前以紙本及電子檔提供之，詳如說明，請查照見復。

一、請貴局協助提供：截至索資日止，於市有財產或市府管理之場所(如：市府大樓、學校等）裝設太陽光電自發自用系統設置位置清冊，請依設置年份、行政區、目前使用狀況（可用或已報廢，已報廢請說明報廢時間）裝置容量、建置經費、總發電度數製表羅列之。

二、承說明一，請貴局協助提供：上開系統各場址每年平均發電量、平均發電時數，及全市設施平均年發電量、平均發電時數，如低於本市平均，請備註或以自體、表格顏色識別之。

三、承上開說明，如有標租案場裝設後發生設備、裝設場所損壞，請提供並說明發生場址、目前修復狀態。",立動物園,"['環境保護局', '文山區公所', '臺北自來水事業處', '臺北大眾捷運股份有限公司', '市政大樓公共事務管理中心', '大安區公所', '士林區公所', '社會局', '勞動局', '北投區公所', '教育局', '大同區公所', '警察局', '體育局', '文化局', '公務人員訓練處', '產業發展局', '其他', '工務局公園路燈工程管理處', '市場處', '都市發展局']","['士林區公所', '大同區公所', '大安區公所', '工務局公園路燈工程管理處', '公務人員訓練處', '文山區公所', '文化局', '北投區公所', '市政大樓公共事務管理中心', '市場處', '立動物園', '社會局', '教育局', '產業發展局', '都市發展局', '勞動局', '圖書館', '臺北大眾捷運股份有限公司', '臺北自來水事業處', '環境保護局', '警察局', '體育局']"
"為研究與問政所需，懇請貴單位協助提供太陽光電自發自用系統相關資料，並請依權責內容回答，並於5月15日下班前以紙本及電子檔提供之，詳如說明，請查照見復。

一、請貴局協助提供：截至索資日止，於市有財產或市府管理之場所(如：市府大樓、學校等）裝設太陽光電自發自用系統設置位置清冊，請依設置年份、行政區、目前使用狀況（可用或已報廢，已報廢請說明報廢時間）裝置容量、建置經費、總發電度數製表羅列之。

二、承說明一，請貴局協助提供：上開系統各場址每年平均發電量、平均發電時數，及全市設施平均年發電量、平均發電時數，如低於本市平均，請備註或以自體、表格顏色識別之。

三、承上開說明，如有標租案場裝設後發生設備、裝設場所損壞，請提供並說明發生場址、目前修復狀態。",圖書館,"['環境保護局', '文山區公所', '臺北自來水事業處', '臺北大眾捷運股份有限公司', '市政大樓公共事務管理中心', '大安區公所', '士林區公所', '社會局', '勞動局', '北投區公所', '教育局', '大同區公所', '警察局', '體育局', '文化局', '公務人員訓練處', '產業發展局', '其他', '工務局公園路燈工程管理處', '市場處', '都市發展局']","['士林區公所', '大同區公所', '大安區公所', '工務局公園路燈工程管理處', '公務人員訓練處', '文山區公所', '文化局', '北投區公所', '市政大樓公共事務管理中心', '市場處', '立動物園', '社會局', '教育局', '產業發展局', '都市發展局', '勞動局', '圖書館', '臺北大眾捷運股份有限公司', '臺北自來水事業處', '環境保護局', '警察局', '體育局']"
"為問政所需，有關台北市大安區四維路164號「梟夜」一案，惠請提供以下列資料：

1. 自2021年以來，該店違反貴管法令之裁罰處份之清冊 （以日期、裁罰之法源依據、裁罰基準、處份內容及金額、裁罰對象分列之）。

2. 自2021年以來，由單一陳情系統等各式管道陳情該店相關案件清冊（以日期、案件編號、陳情內容、貴局後續處理內容分列之）。

請於2024/04/18（四）17:00前，以書面提供上述資料。並將電子檔郵寄至service@voteformiao.tw。
電子檔除提供PDF檔外，亦請提供「電腦可搜尋、分析、計算內容之電子檔格式」（例如excel或word文字檔）。",警察局大安分局,"['衛生局', '商業處', '其他', '環境保護局']","['商業處', '衛生局', '環境保護局', '警察局大安分局']"
"為問政所需，承A10717-11300353號索資，惠請提供下列資料：

自2024年1月1日至今，每一件交通罰單申訴後免罰之陳訴書內文，若涉及不得提供之個人資料（如姓名、連絡電話等）請部分遮蔽後提供。

請於2024/1/9（四）17:00前，以書面提供上述資料。並將電子檔郵寄至service@voteformiao.tw
若無法提供索資或無資料，亦請敘明原因並以上述方式回覆。
電子檔除提供PDF檔外，亦請提供「電腦可搜尋、分析、計算內容之電子檔格式」（例如excel或word文字檔）",交通事件裁決所,['其他'],['交通事件裁決所']
"為問政所需，惠請提供下列：

自2022年以來，有關長安段二小段542-1及542-5地號等二筆土地，接獲民眾由單一陳情系統、1999、市長信箱等各陳情管道之陳情內容和機關回覆全文。

請於2024/12/25（三）17:00前，以書面提供上述資料。並將電子檔郵寄至service@voteformiao.tw
若無法提供索資或無資料，亦請敘明原因並以上述方式回覆。
電子檔除提供PDF檔外，亦請提供「電腦可搜尋、分析、計算內容之電子檔格式」（例如excel或word文字檔）。",中山地政事務所,['其他'],['中山地政事務所']
"為問政所需，惠請提供下列資料：

1. 台北市已設立光電發電之市有建物清冊，請以該案場設立日期、設置位置（地址）、建築物建號、裝置容量、建物權屬局處、該屋頂光電契約中之售電收入回饋金比例分列之。

2. 截至 2024/9/2，歷年台北市市有建物設立屋頂光電之年度總裝置容量、年度累計總發電量，以及售電收入回饋金之年度總金額。

請於2024/09/09（一）17:00前，以書面提供上述資料，並將電子檔郵寄至 service@voteformiao.tw
若無法提供索資或無資料，亦請敘明原因並以上述方式回覆。
電子檔除提供PDF檔外，亦請提供「電腦可搜尋、分析、計算內容之電子檔格式」（例如excel或word文字檔）。",立動物園,"['環境保護局', '文山區公所', '臺北自來水事業處', '臺北大眾捷運股份有限公司', '市政大樓公共事務管理中心', '大安區公所', '士林區公所', '社會局', '勞動局', '北投區公所', '教育局', '大同區公所', '警察局', '體育局', '文化局', '公務人員訓練處', '產業發展局', '其他', '停車管理工程處', '工務局公園路燈工程管理處', '市場處', '都市發展局']","['士林區公所', '大同區公所', '大安區公所', '工務局公園路燈工程管理處', '公務人員訓練處', '文山區公所', '文化局', '北投區公所', '市政大樓公共事務管理中心', '市場處', '立動物園', '立圖書館', '社會局', '停車管理工程處', '教育局', '產業發展局', '都市發展局', '勞動局', '臺北大眾捷運股份有限公司', '臺北自來水事業處', '環境保護局', '警察局', '體育局']"
"為問政所需，惠請提供下列資料：

1. 台北市已設立光電發電之市有建物清冊，請以該案場設立日期、設置位置（地址）、建築物建號、裝置容量、建物權屬局處、該屋頂光電契約中之售電收入回饋金比例分列之。

2. 截至 2024/9/2，歷年台北市市有建物設立屋頂光電之年度總裝置容量、年度累計總發電量，以及售電收入回饋金之年度總金額。

請於2024/09/09（一）17:00前，以書面提供上述資料，並將電子檔郵寄至 service@voteformiao.tw
若無法提供索資或無資料，亦請敘明原因並以上述方式回覆。
電子檔除提供PDF檔外，亦請提供「電腦可搜尋、分析、計算內容之電子檔格式」（例如excel或word文字檔）。",立圖書館,"['環境保護局', '文山區公所', '臺北自來水事業處', '臺北大眾捷運股份有限公司', '市政大樓公共事務管理中心', '大安區公所', '士林區公所', '社會局', '勞動局', '北投區公所', '教育局', '大同區公所', '警察局', '體育局', '文化局', '公務人員訓練處', '產業發展局', '其他', '停車管理工程處', '工務局公園路燈工程管理處', '市場處', '都市發展局']","['士林區公所', '大同區公所', '大安區公所', '工務局公園路燈工程管理處', '公務人員訓練處', '文山區公所', '文化局', '北投區公所', '市政大樓公共事務管理中心', '市場處', '立動物園', '立圖書館', '社會局', '停車管理工程處', '教育局', '產業發展局', '都市發展局', '勞動局', '臺北大眾捷運股份有限公司', '臺北自來水事業處', '環境保護局', '警察局', '體育局']"
"為問政所需，惠請提供下列資料：

1. 自2024年1月1日至今，交通罰單申訴後免罰之陳訴書清冊，為精簡資料索取範圍，請提供每月依時間排序前10件陳訴書。若涉及不得提供之個人資料（如姓名、連絡電話等）請部分遮蔽後提供。
2. 自2024年1月1日至今，交通罰單申訴後免罰之案件清冊，請以時間、案件來源（科技執法、民眾檢舉或員警取締）、受理分局、開罰之交通法規依據、撤銷原因分列之。

請於2024/1/7（二）17:00前，以書面提供上述資料。並將電子檔郵寄至service@voteformiao.tw
若無法提供索資或無資料，亦請敘明原因並以上述方式回覆。
電子檔除提供PDF檔外，亦請提供「電腦可搜尋、分析、計算內容之電子檔格式」（例如excel或word文字檔）",交通事件裁決所,['其他'],['交通事件裁決所']
"為問政所需，惠請提供本市內湖區陽光街351號土地、建物第二類謄本。

請於2024/12/19（四）18:00前，以書面提供上述資料。並將電子檔郵寄至 service@voteformiao.tw。
若無法提供索資或無資料，亦請敘明原因並以上述方式回覆。
電子檔除提供PDF檔外，亦請提供「電腦可搜尋、分析、計算內容之電子檔格式」（例如excel或word文字檔）",中山地政事務所,['其他'],['中山地政事務所']
"為問政所需惠請提供下列資訊，請　查照見覆。

過去五年(108-112年以及113年至今)基隆路四段與羅斯福路四段交叉路口，俗稱「公館圓環」機車未依規定二段式左轉者開單數量按月統計。",交通事件裁決所,"['其他', '警察局交通警察大隊']","['交通事件裁決所', '警察局交通警察大隊']"
為問政需要，請   貴單位提供北投區登山路137-1號，是否曾於民國73年或其他年份編訂門牌號碼。,北投區戶政事務所,['其他'],['北投區戶政事務所']
"為問政需要，請提供以下資料：
一、請提供台北市立圖書館各分館近三年人流出入數據及每月書籍借閱數。",立圖書館,['其他'],['立圖書館']
"為問政需要，請提供以下資料：
一、請提供全市市立圖書館(包含總圖、所有分館)111-113年進出人流數據(若無進出數據請提供借閱數據)。",立圖書館,['其他'],['立圖書館']
為問政需要惠請提供士林區中山北路六段441 巷27號旁畸零地，地號天母段一小段93-2及93-7地號之地籍資料，含所有權人姓名、地址。,士林地政事務所,['其他'],['士林地政事務所']
"為質詢需要請貴局提供以下資料:
1.台北市對於原住民就業鼓勵措施或政策？
2.台北市對於原住民就職訓練有哪些措施或政策？",就業服務處,"['原住民族事務委員會', '勞動局', '其他']","['原住民族事務委員會', '勞動局', '就業服務處']"
為辦理會勘通所需，請提供中正段二小段57、58號地號土地登記簿謄本。,建成地政事務所,['其他'],['建成地政事務所']
索取資料題目,承辦機關,['其他'],['承辦機關']
"茲因問政需求，請提供：
1、市府各機關設置太陽能板數量
     請依已設置、預計設置分別提供（請列出設置地點）
2、每年度管理、維護費用

上述除總數外並請依機關分列。",立動物園,"['工務局大地工程處', '環境保護局', '工務局水利工程處', '文山區公所', '觀光傳播局', '臺北自來水事業處', '臺北大眾捷運股份有限公司', '士林區公所', '大安區公所', '地政局', '公共運輸處', '古亭地政事務所', '交通局', '社會局', '市政大樓公共事務管理中心', '勞動局', '民政局', '衛生局', '北投區公所', '秘書處', '財政局', '教育局', '大同區公所', '警察局', '消防局', '體育局', '文化局', '公務人員訓練處', '工務局衛生下水道工程處', '產業發展局', '其他', '停車管理工程處', '工務局公園路燈工程管理處', '工務局', '市場處', '都市發展局']","['士林區公所', '大同區公所', '大安區公所', '工務局', '工務局大地工程處', '工務局公園路燈工程管理處', '工務局水利工程處', '工務局衛生下水道工程處', '公共運輸處', '公務人員訓練處', '文山區公所', '文化局', '北投區公所', '古亭地政事務所', '市政大樓公共事務管理中心', '市場處', '民政局', '立動物園', '立陽明教養院', '立圖書館', '交通局', '地政局', '社會局', '消防局', '秘書處', '財政局', '停車管理工程處', '教育局', '產業發展局', '都市發展局', '勞動局', '臺北大眾捷運股份有限公司', '臺北自來水事業處', '衛生局', '環境保護局', '警察局', '體育局', '觀光傳播局']"
"茲因問政需求，請提供：
1、市府各機關設置太陽能板數量
     請依已設置、預計設置分別提供（請列出設置地點）
2、每年度管理、維護費用

上述除總數外並請依機關分列。",立陽明教養院,"['工務局大地工程處', '環境保護局', '工務局水利工程處', '文山區公所', '觀光傳播局', '臺北自來水事業處', '臺北大眾捷運股份有限公司', '士林區公所', '大安區公所', '地政局', '公共運輸處', '古亭地政事務所', '交通局', '社會局', '市政大樓公共事務管理中心', '勞動局', '民政局', '衛生局', '北投區公所', '秘書處', '財政局', '教育局', '大同區公所', '警察局', '消防局', '體育局', '文化局', '公務人員訓練處', '工務局衛生下水道工程處', '產業發展局', '其他', '停車管理工程處', '工務局公園路燈工程管理處', '工務局', '市場處', '都市發展局']","['士林區公所', '大同區公所', '大安區公所', '工務局', '工務局大地工程處', '工務局公園路燈工程管理處', '工務局水利工程處', '工務局衛生下水道工程處', '公共運輸處', '公務人員訓練處', '文山區公所', '文化局', '北投區公所', '古亭地政事務所', '市政大樓公共事務管理中心', '市場處', '民政局', '立動物園', '立陽明教養院', '立圖書館', '交通局', '地政局', '社會局', '消防局', '秘書處', '財政局', '停車管理工程處', '教育局', '產業發展局', '都市發展局', '勞動局', '臺北大眾捷運股份有限公司', '臺北自來水事業處', '衛生局', '環境保護局', '警察局', '體育局', '觀光傳播局']"
"茲因問政需求，請提供：
1、市府各機關設置太陽能板數量
     請依已設置、預計設置分別提供（請列出設置地點）
2、每年度管理、維護費用

上述除總數外並請依機關分列。",立圖書館,"['工務局大地工程處', '環境保護局', '工務局水利工程處', '文山區公所', '觀光傳播局', '臺北自來水事業處', '臺北大眾捷運股份有限公司', '士林區公所', '大安區公所', '地政局', '公共運輸處', '古亭地政事務所', '交通局', '社會局', '市政大樓公共事務管理中心', '勞動局', '民政局', '衛生局', '北投區公所', '秘書處', '財政局', '教育局', '大同區公所', '警察局', '消防局', '體育局', '文化局', '公務人員訓練處', '工務局衛生下水道工程處', '產業發展局', '其他', '停車管理工程處', '工務局公園路燈工程管理處', '工務局', '市場處', '都市發展局']","['士林區公所', '大同區公所', '大安區公所', '工務局', '工務局大地工程處', '工務局公園路燈工程管理處', '工務局水利工程處', '工務局衛生下水道工程處', '公共運輸處', '公務人員訓練處', '文山區公所', '文化局', '北投區公所', '古亭地政事務所', '市政大樓公共事務管理中心', '市場處', '民政局', '立動物園', '立陽明教養院', '立圖書館', '交通局', '地政局', '社會局', '消防局', '秘書處', '財政局', '停車管理工程處', '教育局', '產業發展局', '都市發展局', '勞動局', '臺北大眾捷運股份有限公司', '臺北自來水事業處', '衛生局', '環境保護局', '警察局', '體育局', '觀光傳播局']"
茲因問政需要，敬請提供現行法規中吊扣駕照、牌照及吊銷駕照、牌照等所有交通違規條文、內容以及近三年違規人數、職業駕駛違規人數並註明違規事項，請查照惠復。,交通事件裁決所,['其他'],['交通事件裁決所']
茲因問政需要，敬請儘速於今日下班前提供本市因應「寶林茶室引發食安疑慮」一案，針對本市其他販售粿仔條、河粉、木耳等相關產品之業者，對其販售、食品製作等程序之最新稽查、檢測等作為（例如是否全面暫停販售、停止上游進口等處理方式），請查照惠復。,臺北市政府,['其他'],['臺北市政府']
"針對今年4月22日交通部門質詢有關悠遊付/悠遊卡無法在北市相關場館使用支付如門票或消費等問題，提供悠遊卡公司後續是否有針對上述議題向貴局【文化局、體育局(12運動中心)、觀傳局、教育局(動物園)、市場處...】等機關單位召開相關的討論會議，以增加悠遊付及悠遊卡的使用範圍，如有請提供會議紀錄與簽到表。

以上表格請提供EXCEL檔，謝謝",立動物園,"['體育局', '其他', '觀光傳播局', '市場處', '文化局']","['文化局', '市場處', '立動物園', '體育局', '觀光傳播局']"
"針對本市現設有之民防團隊，請提供以下資料。
一、本市民防團隊清冊，前述資料，應為貴局依民防團隊編組訓練演習服勤及支援軍事勤務辦法、民防法而統籌、監督、編成之一切編組，如有下設、細分中隊、分隊、小隊等編組，亦應一併提供。
二、本市聯合防護團、防護團清冊，請依編組單位（學校、機關、團體、公司等）、編組名稱、編組人數分類列表提供。
三、本市現設有且由貴局統轄之民防團隊之逐個團隊成員各年齡別成員數。
上述資料免送紙本，除於索資系統提供外，亦請寄送至kevinmichaelchance@gmail.com。",臺北市政府,"['民政局', '其他']","['民政局', '臺北市政府']"
"針對媒體報載本市某國小教師涉入「創意私房」案，請提供以下資料：

一、貴局獲通報之渠道，及後續處理、調查、強制停職之相關時間序、資料（含對當事人、受害者、校方及相關教育機構）。
二、該師過往是否曾遭通報違反相關法令，若有，請額外提供後續處理情形（包含但不限於《教師法》及相關性平法規）。

報載連結參考：
https://www.ettoday.net/news/20240731/2788303.htm?from=ettoday_app

前述資料除於索資系統提供外，亦請寄送至kevinmichaelchance@gmail.com。",警察局婦幼警察隊,"['教育局', '社會局', '其他']","['社會局', '教育局', '警察局婦幼警察隊']"
惠請列表提供 近6個月營業用小客車因違規停車遭罰之案件數量。,交通事件裁決所,['其他'],['交通事件裁決所']
惠請提供大同區橋北段一小段571、572、573、573-1、574 、652-10等6筆土地謄本及地籍圖。,建成地政事務所,['其他'],['建成地政事務所']
惠請提供中山區敬業三路161巷37號整棟建物謄本、土地謄本及地籍圖。,中山地政事務所,['其他'],['中山地政事務所']
惠請提供台北市中山區合江街73巷14號7樓 建築物登記謄本。,中山地政事務所,['其他'],['中山地政事務所']
惠請提供台北市中山區敬業一路128巷20號5樓建物謄本、土地謄本及地籍圖。,中山地政事務所,['其他'],['中山地政事務所']
"惠請提供問政所需資料如說明，請  查照見覆。
一、動物園週邊及Zoo Mall用地(包含基地一、基地二、河濱高灘地停車場、木柵機廠停車場)，目前辦理之「臺北市政府徵求民間自行規劃申請參與投資生態主題園區及周邊停車場案（BOT/OT）」規劃說明，包含但不限於辦理期程，招商或招標須知，得標廠商之開發計畫書、開發效益、本市各基地預期回收利益等。
二、動物園辦理110週年所有活動規劃、預算、合作單位、執行情形、預期或已知效益。
三、上開資料請於113年10月30日16時30分前，得不備文以電子檔提供。",立動物園,"['教育局', '其他']","['立動物園', '教育局']"
惠請提供臺北市北投區行義段一小段174地號之土地謄本及地籍圖。,士林地政事務所,['其他'],['士林地政事務所']
"提供有關陸家人至士林文林派出所報案的相關紀錄(含通話紀錄等)，包括時間、報案人、報案內容、警方具體作為、是否有報案單、是否有...等，請依日期及時間續排序製表呈現。
以上表格請提供excel檔，謝謝",警察局士林分局,['其他'],['警察局士林分局']
貴局轄下北投垃圾焚化廠標案案號PT113820、PT113161運用〈政府採購法〉第22條第一項第三款決標，請敘明該案適用該款規範之「不可預見之緊急事故」、「無法以公開或選擇性招標程序適時辦理」、「確有必要」三要件之事實情狀為何？,環境保護局北投垃圾焚化廠,['其他'],['環境保護局北投垃圾焚化廠']
煩請北市圖提供，近10年北市圖東湖分館；購書支出、工程維護預算,立圖書館,['其他'],['立圖書館']
煩請北市圖說明，是否有申訴或是建議管道，如果有煩請提供110-113年東湖分館相關的申訴內容與建議。,立圖書館,['其他'],['立圖書館']
煩請惠予協助提供大同區承德路一段88號2樓之一的建物測量成果圖。,建成地政事務所,['其他'],['建成地政事務所']
煩請觀傳局提供台北廣播電台(1)創立宗旨、近五年年度目標及評比考核內容(2)近五年節目數量、預算及收支情形(3)資產負債表、損益表、現金流量表。,臺北廣播電臺,['其他'],['臺北廣播電臺']
蔣市府就任後引進民間資源，以公私協力推動公共建設，目前任內簽約案件以及此任期內推動中之案件清冊（包含BOT、捷運聯開案、公辦都更等廣義促參方式等各類案件），敘明該等案件如何為市庫增加收入（如收入項目、預估金額/年、預估收入總額等，如無法換算金額，請描述市府可從該案獲得開源節流之內容為何），請列冊詳述？,立動物園,"['衛生局', '捷運工程局', '其他', '財政局', '都市更新處', '文化局']","['文化局', '立動物園', '財政局', '捷運工程局', '都市更新處', '衛生局']"
請 貴處提供萬華區昆明街132號1、2樓測量成果圖，供本席參考。,建成地政事務所,['其他'],['建成地政事務所']
請士林地政事務所提供現行社子島地籍圖檔案,士林地政事務所,['其他'],['士林地政事務所']
請分類制表提供，本市目前已結案或履約中的BOT、BOO、ROT，及OT案件清單。,立動物園,"['衛生局', '青少年發展暨家庭教育中心', '產業發展局', '體育局', '其他', '公共運輸處', '財政局', '教育局', '市場處', '文化局']","['公共運輸處', '文化局', '市場處', '立動物園', '青少年發展暨家庭教育中心', '財政局', '教育局', '產業發展局', '衛生局', '體育局']"
請文獻館提供，依2月23日所回覆之「文化局與各所屬機關今（113）年所辦理各類型大小活動之資訊」一案內，關於「史蹟趴趴GO」及「臺灣史蹟研習會」等兩案，請提供該兩案之成果報告書。請於3月18日（一）下班前回覆議員研究室，俾利市政研究參考。,立文獻館,['其他'],['立文獻館']
"請市交提供並說明以下幾點：
(一)市交主團編制有幾人?團員身分資格為何?如何進用，又可如何退出主團?
(二)市交附設團有幾團?目前各自編制為何?而團員是如何進用，亦是否原本就設有退場機制呢?
(三)各附設團是否有編列正式預算來運作，金額有多少?附設團團員有什麼權利，以及責任義務呢?
(四)請詳細說明市交今年要整合各附設團的原因，以及整合後附設團的發展方向及大致規模等。",立交響樂團,['其他'],['立交響樂團']
請依權責更新簡報內統計數據至最新（如以年計，請更新至今年截至今日，如以月計，請更新至本月截至今日）,交通事件裁決所,"['交通局', '警察局', '其他']","['交通局', '交通事件裁決所', '警察局']"
請制表提供107年至113年10月，死亡動物之動物名稱、死亡時年紀、該物種預期壽命，及死亡原因。,立動物園,['其他'],['立動物園']
請制表提供北美館既有美術品之名稱、類型、取得途徑、登錄時間、保險時間，及保險數額。,立美術館,['其他'],['立美術館']
請制表提供本市各單位，於決標後不公告底價之標案名稱、不公告底價事由，及不公告底價依據。,立文獻館,"['環境保護局', '工務局衛生下水道工程處', '消防局', '捷運工程局第二區工程處', '其他', '體育局', '工務局', '教育局', '交通管制工程處', '警察局']","['工務局', '工務局衛生下水道工程處', '立文獻館', '立美術館', '交通管制工程處', '消防局', '動產質借處', '捷運工程局第二區工程處', '教育局', '陽明教養院', '臺北廣播電臺', '環境保護局', '環境保護局北投垃圾焚化廠', '警察局', '體育局']"
請制表提供本市各單位，於決標後不公告底價之標案名稱、不公告底價事由，及不公告底價依據。,立美術館,"['環境保護局', '工務局衛生下水道工程處', '消防局', '捷運工程局第二區工程處', '其他', '體育局', '工務局', '教育局', '交通管制工程處', '警察局']","['工務局', '工務局衛生下水道工程處', '立文獻館', '立美術館', '交通管制工程處', '消防局', '動產質借處', '捷運工程局第二區工程處', '教育局', '陽明教養院', '臺北廣播電臺', '環境保護局', '環境保護局北投垃圾焚化廠', '警察局', '體育局']"
請制表提供本市各單位，於決標後不公告底價之標案名稱、不公告底價事由，及不公告底價依據。,動產質借處,"['環境保護局', '工務局衛生下水道工程處', '消防局', '捷運工程局第二區工程處', '其他', '體育局', '工務局', '教育局', '交通管制工程處', '警察局']","['工務局', '工務局衛生下水道工程處', '立文獻館', '立美術館', '交通管制工程處', '消防局', '動產質借處', '捷運工程局第二區工程處', '教育局', '陽明教養院', '臺北廣播電臺', '環境保護局', '環境保護局北投垃圾焚化廠', '警察局', '體育局']"
請制表提供本市各單位，於決標後不公告底價之標案名稱、不公告底價事由，及不公告底價依據。,陽明教養院,"['環境保護局', '工務局衛生下水道工程處', '消防局', '捷運工程局第二區工程處', '其他', '體育局', '工務局', '教育局', '交通管制工程處', '警察局']","['工務局', '工務局衛生下水道工程處', '立文獻館', '立美術館', '交通管制工程處', '消防局', '動產質借處', '捷運工程局第二區工程處', '教育局', '陽明教養院', '臺北廣播電臺', '環境保護局', '環境保護局北投垃圾焚化廠', '警察局', '體育局']"
請制表提供本市各單位，於決標後不公告底價之標案名稱、不公告底價事由，及不公告底價依據。,臺北廣播電臺,"['環境保護局', '工務局衛生下水道工程處', '消防局', '捷運工程局第二區工程處', '其他', '體育局', '工務局', '教育局', '交通管制工程處', '警察局']","['工務局', '工務局衛生下水道工程處', '立文獻館', '立美術館', '交通管制工程處', '消防局', '動產質借處', '捷運工程局第二區工程處', '教育局', '陽明教養院', '臺北廣播電臺', '環境保護局', '環境保護局北投垃圾焚化廠', '警察局', '體育局']"
請制表提供本市各單位，於決標後不公告底價之標案名稱、不公告底價事由，及不公告底價依據。,環境保護局北投垃圾焚化廠,"['環境保護局', '工務局衛生下水道工程處', '消防局', '捷運工程局第二區工程處', '其他', '體育局', '工務局', '教育局', '交通管制工程處', '警察局']","['工務局', '工務局衛生下水道工程處', '立文獻館', '立美術館', '交通管制工程處', '消防局', '動產質借處', '捷運工程局第二區工程處', '教育局', '陽明教養院', '臺北廣播電臺', '環境保護局', '環境保護局北投垃圾焚化廠', '警察局', '體育局']"
請制表提供貴館110年至113年10月，出借典藏展示之出借對象、時間、出借典藏名稱，及出借事由。,立美術館,['其他'],['立美術館']
"請協助提供
1.自112年6月30日道交條例修訂43條(超速40公里扣牌)至今，台北市因嚴重超速被扣牌的車輛數(請以年爐列，並依行政區個別表示)",交通事件裁決所,['其他'],['交通事件裁決所']
請協助提供本席辦公室113年1-6月所辦理會勘、協調會，結論涉及市府各單位執行事項之工程施作經費總額,士林地政事務所,"['工務局大地工程處', '環境保護局', '殯葬管理處', '工務局水利工程處', '臺北自來水事業處', '臺北大眾捷運股份有限公司', '士林區公所', '公共運輸處', '交通局', '民政局', '社會局', '勞動局', '交通管制工程處', '捷運工程局', '職能發展學院', '北投區公所', '稅捐稽徵處', '財政局', '教育局', '警察局', '建築管理工程處', '研究發展考核委員會', '工務局新建工程處', '消防局', '體育局', '動物保護處', '法務局', '都市更新處', '文化局', '工務局衛生下水道工程處', '產業發展局', '其他', '停車管理工程處', '工務局公園路燈工程管理處', '工務局', '市場處', '環境保護局環保稽查大隊', '都市發展局', '警察局交通警察大隊']","['士林地政事務所', '士林區公所', '工務局', '工務局大地工程處', '工務局公園路燈工程管理處', '工務局水利工程處', '工務局新建工程處', '工務局衛生下水道工程處', '公共運輸處', '文化局', '北投區公所', '市場處', '民政局', '立圖書館', '交通局', '交通管制工程處', '法務局', '社會局', '建築管理工程處', '研究發展考核委員會', '消防局', '財政局', '停車管理工程處', '動物保護處', '捷運工程局', '教育局', '產業發展局', '都市更新處', '都市發展局', '勞動局', '稅捐稽徵處', '臺北大眾捷運股份有限公司', '臺北自來水事業處', '環境保護局', '環境保護局環保稽查大隊', '殯葬管理處', '職能發展學院', '警察局', '警察局士林分局', '警察局北投分局', '警察局交通警察大隊', '體育局']"
請協助提供本席辦公室113年1-6月所辦理會勘、協調會，結論涉及市府各單位執行事項之工程施作經費總額,立圖書館,"['工務局大地工程處', '環境保護局', '殯葬管理處', '工務局水利工程處', '臺北自來水事業處', '臺北大眾捷運股份有限公司', '士林區公所', '公共運輸處', '交通局', '民政局', '社會局', '勞動局', '交通管制工程處', '捷運工程局', '職能發展學院', '北投區公所', '稅捐稽徵處', '財政局', '教育局', '警察局', '建築管理工程處', '研究發展考核委員會', '工務局新建工程處', '消防局', '體育局', '動物保護處', '法務局', '都市更新處', '文化局', '工務局衛生下水道工程處', '產業發展局', '其他', '停車管理工程處', '工務局公園路燈工程管理處', '工務局', '市場處', '環境保護局環保稽查大隊', '都市發展局', '警察局交通警察大隊']","['士林地政事務所', '士林區公所', '工務局', '工務局大地工程處', '工務局公園路燈工程管理處', '工務局水利工程處', '工務局新建工程處', '工務局衛生下水道工程處', '公共運輸處', '文化局', '北投區公所', '市場處', '民政局', '立圖書館', '交通局', '交通管制工程處', '法務局', '社會局', '建築管理工程處', '研究發展考核委員會', '消防局', '財政局', '停車管理工程處', '動物保護處', '捷運工程局', '教育局', '產業發展局', '都市更新處', '都市發展局', '勞動局', '稅捐稽徵處', '臺北大眾捷運股份有限公司', '臺北自來水事業處', '環境保護局', '環境保護局環保稽查大隊', '殯葬管理處', '職能發展學院', '警察局', '警察局士林分局', '警察局北投分局', '警察局交通警察大隊', '體育局']"
請協助提供本席辦公室113年1-6月所辦理會勘、協調會，結論涉及市府各單位執行事項之工程施作經費總額,警察局士林分局,"['工務局大地工程處', '環境保護局', '殯葬管理處', '工務局水利工程處', '臺北自來水事業處', '臺北大眾捷運股份有限公司', '士林區公所', '公共運輸處', '交通局', '民政局', '社會局', '勞動局', '交通管制工程處', '捷運工程局', '職能發展學院', '北投區公所', '稅捐稽徵處', '財政局', '教育局', '警察局', '建築管理工程處', '研究發展考核委員會', '工務局新建工程處', '消防局', '體育局', '動物保護處', '法務局', '都市更新處', '文化局', '工務局衛生下水道工程處', '產業發展局', '其他', '停車管理工程處', '工務局公園路燈工程管理處', '工務局', '市場處', '環境保護局環保稽查大隊', '都市發展局', '警察局交通警察大隊']","['士林地政事務所', '士林區公所', '工務局', '工務局大地工程處', '工務局公園路燈工程管理處', '工務局水利工程處', '工務局新建工程處', '工務局衛生下水道工程處', '公共運輸處', '文化局', '北投區公所', '市場處', '民政局', '立圖書館', '交通局', '交通管制工程處', '法務局', '社會局', '建築管理工程處', '研究發展考核委員會', '消防局', '財政局', '停車管理工程處', '動物保護處', '捷運工程局', '教育局', '產業發展局', '都市更新處', '都市發展局', '勞動局', '稅捐稽徵處', '臺北大眾捷運股份有限公司', '臺北自來水事業處', '環境保護局', '環境保護局環保稽查大隊', '殯葬管理處', '職能發展學院', '警察局', '警察局士林分局', '警察局北投分局', '警察局交通警察大隊', '體育局']"
請協助提供本席辦公室113年1-6月所辦理會勘、協調會，結論涉及市府各單位執行事項之工程施作經費總額,警察局北投分局,"['工務局大地工程處', '環境保護局', '殯葬管理處', '工務局水利工程處', '臺北自來水事業處', '臺北大眾捷運股份有限公司', '士林區公所', '公共運輸處', '交通局', '民政局', '社會局', '勞動局', '交通管制工程處', '捷運工程局', '職能發展學院', '北投區公所', '稅捐稽徵處', '財政局', '教育局', '警察局', '建築管理工程處', '研究發展考核委員會', '工務局新建工程處', '消防局', '體育局', '動物保護處', '法務局', '都市更新處', '文化局', '工務局衛生下水道工程處', '產業發展局', '其他', '停車管理工程處', '工務局公園路燈工程管理處', '工務局', '市場處', '環境保護局環保稽查大隊', '都市發展局', '警察局交通警察大隊']","['士林地政事務所', '士林區公所', '工務局', '工務局大地工程處', '工務局公園路燈工程管理處', '工務局水利工程處', '工務局新建工程處', '工務局衛生下水道工程處', '公共運輸處', '文化局', '北投區公所', '市場處', '民政局', '立圖書館', '交通局', '交通管制工程處', '法務局', '社會局', '建築管理工程處', '研究發展考核委員會', '消防局', '財政局', '停車管理工程處', '動物保護處', '捷運工程局', '教育局', '產業發展局', '都市更新處', '都市發展局', '勞動局', '稅捐稽徵處', '臺北大眾捷運股份有限公司', '臺北自來水事業處', '環境保護局', '環境保護局環保稽查大隊', '殯葬管理處', '職能發展學院', '警察局', '警察局士林分局', '警察局北投分局', '警察局交通警察大隊', '體育局']"
請勞動局提供，有關近5年北市外籍看護勞工數據以及國籍人數。(依年分列),勞動力重建運用處,['其他'],['勞動力重建運用處']
請惠予提供 近四年，每一年交通罰單總金額。(113年到9月為止),交通事件裁決所,['其他'],['交通事件裁決所']
請惠予提供108年至112年北市「標線型人行道」每年違停罰款金額收入。(以表格提供),交通事件裁決所,['其他'],['交通事件裁決所']
請惠予提供柯市府八年「紅線違停、拖吊、酒駕、超速、不禮讓行人」每一年度分別多少罰款金額。以及蔣市府上任後「紅線違停、拖吊、超速、不禮讓行人」每年分別多少罰款金額。,交通事件裁決所,['其他'],['交通事件裁決所']
請惠予提供柯市府八年「紅線違停、拖吊」罰款每年分別多少，以及總和。以及蔣市府上任後「紅線違停、拖吊」罰款每年分別多少。,交通事件裁決所,['其他'],['交通事件裁決所']
請惠予提供時樂股份有限公司、尼奧創意行銷有限公司在柯市府8年時期，是否有承接貴單位北市府標案，或獲取貴單位補助。,立美術館,"['工務局大地工程處', '環境保護局', '工務局水利工程處', '觀光傳播局', '臺北自來水事業處', '臺北大眾捷運股份有限公司', '公共運輸處', '地政局', '交通局', '社會局', '民政局', '勞動局', '捷運工程局', '衛生局', '職能發展學院', '客家事務委員會', '財政局', '教育局', '警察局', '建築管理工程處', '研究發展考核委員會', '工務局新建工程處', '消防局', '藝文推廣處', '體育局', '工務局公園路燈工程管理處', '動物保護處', '法務局', '原住民族事務委員會', '文化局', '公務人員訓練處', '都市更新處', '工務局衛生下水道工程處', '產業發展局', '其他', '商業處', '資訊局', '臺北翡翠水庫管理局', '工務局', '市場處', '都市發展局']","['工務局', '工務局大地工程處', '工務局公園路燈工程管理處', '工務局水利工程處', '工務局新建工程處', '工務局衛生下水道工程處', '公共運輸處', '公務人員訓練處', '文化局', '市場處', '民政局', '立美術館', '立動物園', '交通局', '地政局', '法務局', '社會局', '客家事務委員會', '建築管理工程處', '研究發展考核委員會', '原住民族事務委員會', '消防局', '財政局', '動物保護處', '商業處', '捷運工程局', '教育局', '產業發展局', '都市更新處', '都市發展局', '勞動局', '就業服務處', '資訊局', '臺北大眾捷運股份有限公司', '臺北自來水事業處', '臺北翡翠水庫管理局', '衛生局', '環境保護局', '職能發展學院', '藝文推廣處', '警察局', '體育局', '觀光傳播局']"
請惠予提供時樂股份有限公司、尼奧創意行銷有限公司在柯市府8年時期，是否有承接貴單位北市府標案，或獲取貴單位補助。,立動物園,"['工務局大地工程處', '環境保護局', '工務局水利工程處', '觀光傳播局', '臺北自來水事業處', '臺北大眾捷運股份有限公司', '公共運輸處', '地政局', '交通局', '社會局', '民政局', '勞動局', '捷運工程局', '衛生局', '職能發展學院', '客家事務委員會', '財政局', '教育局', '警察局', '建築管理工程處', '研究發展考核委員會', '工務局新建工程處', '消防局', '藝文推廣處', '體育局', '工務局公園路燈工程管理處', '動物保護處', '法務局', '原住民族事務委員會', '文化局', '公務人員訓練處', '都市更新處', '工務局衛生下水道工程處', '產業發展局', '其他', '商業處', '資訊局', '臺北翡翠水庫管理局', '工務局', '市場處', '都市發展局']","['工務局', '工務局大地工程處', '工務局公園路燈工程管理處', '工務局水利工程處', '工務局新建工程處', '工務局衛生下水道工程處', '公共運輸處', '公務人員訓練處', '文化局', '市場處', '民政局', '立美術館', '立動物園', '交通局', '地政局', '法務局', '社會局', '客家事務委員會', '建築管理工程處', '研究發展考核委員會', '原住民族事務委員會', '消防局', '財政局', '動物保護處', '商業處', '捷運工程局', '教育局', '產業發展局', '都市更新處', '都市發展局', '勞動局', '就業服務處', '資訊局', '臺北大眾捷運股份有限公司', '臺北自來水事業處', '臺北翡翠水庫管理局', '衛生局', '環境保護局', '職能發展學院', '藝文推廣處', '警察局', '體育局', '觀光傳播局']"
請惠予提供時樂股份有限公司、尼奧創意行銷有限公司在柯市府8年時期，是否有承接貴單位北市府標案，或獲取貴單位補助。,就業服務處,"['工務局大地工程處', '環境保護局', '工務局水利工程處', '觀光傳播局', '臺北自來水事業處', '臺北大眾捷運股份有限公司', '公共運輸處', '地政局', '交通局', '社會局', '民政局', '勞動局', '捷運工程局', '衛生局', '職能發展學院', '客家事務委員會', '財政局', '教育局', '警察局', '建築管理工程處', '研究發展考核委員會', '工務局新建工程處', '消防局', '藝文推廣處', '體育局', '工務局公園路燈工程管理處', '動物保護處', '法務局', '原住民族事務委員會', '文化局', '公務人員訓練處', '都市更新處', '工務局衛生下水道工程處', '產業發展局', '其他', '商業處', '資訊局', '臺北翡翠水庫管理局', '工務局', '市場處', '都市發展局']","['工務局', '工務局大地工程處', '工務局公園路燈工程管理處', '工務局水利工程處', '工務局新建工程處', '工務局衛生下水道工程處', '公共運輸處', '公務人員訓練處', '文化局', '市場處', '民政局', '立美術館', '立動物園', '交通局', '地政局', '法務局', '社會局', '客家事務委員會', '建築管理工程處', '研究發展考核委員會', '原住民族事務委員會', '消防局', '財政局', '動物保護處', '商業處', '捷運工程局', '教育局', '產業發展局', '都市更新處', '都市發展局', '勞動局', '就業服務處', '資訊局', '臺北大眾捷運股份有限公司', '臺北自來水事業處', '臺北翡翠水庫管理局', '衛生局', '環境保護局', '職能發展學院', '藝文推廣處', '警察局', '體育局', '觀光傳播局']"
"請提供
113年由觀傳局主辦且索票業務委外之活動，提供活動名稱、委外廠商、金額、日期。",臺北廣播電臺,['其他'],['臺北廣播電臺']
"請提供
台北市近3年的交通罰鍰收入",交通事件裁決所,['其他'],['交通事件裁決所']
"請提供:
1.	請詳列道路安全處罰條例中，得以吊扣汽機車牌照之條文，及其違規樣態、吊扣期間。
2.	108-113年7月，請按月分列台北巿總牌照數、吊扣牌照件數。另請詳列前述吊扣牌照之違規樣態及其件數。",交通事件裁決所,['其他'],['交通事件裁決所']
請提供「士林區凱旋路房舍新建工程委託設計監造技術服務」結案報告。,臺北自來水事業處工程總隊,['其他'],['臺北自來水事業處工程總隊']
請提供「林森南路10號三樓」建物所有權部異動索引。,建成地政事務所,['其他'],['建成地政事務所']
請提供112 年度臺北市政府委託研究計畫清單中提及之各研究報告；並請列舉尚未完成者，預計完成期限為何？,立動物園,"['研究發展考核委員會', '體育局', '其他', '交通管制工程處', '停車管理工程處', '動物保護處', '觀光傳播局', '稅捐稽徵處', '臺北大眾捷運股份有限公司', '公共運輸處', '交通局', '社會局', '勞動局']","['公共運輸處', '立動物園', '交通局', '交通管制工程處', '社會局', '研究發展考核委員會', '停車管理工程處', '動物保護處', '勞動局', '就業服務處', '稅捐稽徵處', '圖書館', '臺北大眾捷運股份有限公司', '體育局', '觀光傳播局']"
請提供112 年度臺北市政府委託研究計畫清單中提及之各研究報告；並請列舉尚未完成者，預計完成期限為何？,就業服務處,"['研究發展考核委員會', '體育局', '其他', '交通管制工程處', '停車管理工程處', '動物保護處', '觀光傳播局', '稅捐稽徵處', '臺北大眾捷運股份有限公司', '公共運輸處', '交通局', '社會局', '勞動局']","['公共運輸處', '立動物園', '交通局', '交通管制工程處', '社會局', '研究發展考核委員會', '停車管理工程處', '動物保護處', '勞動局', '就業服務處', '稅捐稽徵處', '圖書館', '臺北大眾捷運股份有限公司', '體育局', '觀光傳播局']"
請提供112 年度臺北市政府委託研究計畫清單中提及之各研究報告；並請列舉尚未完成者，預計完成期限為何？,圖書館,"['研究發展考核委員會', '體育局', '其他', '交通管制工程處', '停車管理工程處', '動物保護處', '觀光傳播局', '稅捐稽徵處', '臺北大眾捷運股份有限公司', '公共運輸處', '交通局', '社會局', '勞動局']","['公共運輸處', '立動物園', '交通局', '交通管制工程處', '社會局', '研究發展考核委員會', '停車管理工程處', '動物保護處', '勞動局', '就業服務處', '稅捐稽徵處', '圖書館', '臺北大眾捷運股份有限公司', '體育局', '觀光傳播局']"
請提供112年1月至113年10月，外國觀光客至貓空/搭乘貓纜/動物園，預估數量。,立動物園,"['觀光傳播局', '其他', '臺北大眾捷運股份有限公司']","['立動物園', '臺北大眾捷運股份有限公司', '觀光傳播局']"
請提供112年度各月營業車輛違規紅線停車舉發件數及裁罰金額。,交通事件裁決所,['其他'],['交通事件裁決所']
"請提供excel檔：
一、近5年，黃金的收當數量？放貸餘額？之清冊
二、近5年，利息收入的統計",動產質借處,['其他'],['動產質借處']
"請提供一般行政行政管理【2039委辦費】預算580,000元，工友勞務委外業務費(文書庶務、公文傳遞等)詳細細項?",士林地政事務所,['其他'],['士林地政事務所']
請提供大同區大同段一小段447-7地號(大龍街85巷3號及大龍街85巷單號側一樓)地籍謄本。,建成地政事務所,['其他'],['建成地政事務所']
請提供大同區大同段一小段447-7地號(大龍街85巷3號及大龍街85巷單號側一樓)第三類地籍謄本。,建成地政事務所,['其他'],['建成地政事務所']
請提供大同區迪化街二段101號及101-1號建築物謄本、土地謄本及地籍圖。,建成地政事務所,['其他'],['建成地政事務所']
請提供中山區吉林路461巷14號、16號地下室之建築物謄本。,中山地政事務所,['其他'],['中山地政事務所']
請提供中正區襄陽路8號、6號一、二樓測量成果圖。,建成地政事務所,['其他'],['建成地政事務所']
請提供內湖區文德段2小段第232地號之土地登記謄本(所有權部)電子檔。,中山地政事務所,['其他'],['中山地政事務所']
請提供內湖區碧湖段1小段第87-15地號之土地登記謄本(所有權部)電子檔。,中山地政事務所,['其他'],['中山地政事務所']
"請提供內湖焚化廠回饋金分配比例、原則、回饋單位。
請提供內湖焚化廠公共設施(如游泳池及健身中心和公園、網球場)各場所的使用狀況及費用、人數、頻率，建置年限、維護作業等資訊 。",環境保護局內湖垃圾焚化廠,['其他'],['環境保護局內湖垃圾焚化廠']
請提供天文館場地規模佔地多大?及其建置費用多少？近三年與國小(幼兒園)學校合作記錄。,立天文科學教育館,['其他'],['立天文科學教育館']
請提供文山區忠順街1段26巷27弄3號4樓建築物裝修之勞動檢查紀錄資訊。,勞動檢查處,"['勞動局', '其他']","['勞動局', '勞動檢查處']"
請提供以下二類謄本暨異動索引：台北市中山區明水路557巷15號2樓,中山地政事務所,['其他'],['中山地政事務所']
"請提供以下地號產權轉移過程、地號變更/登載紀錄、相關繳稅紀錄、繳稅代表人：
1.臺北市中山區中山段四小段0492-0000
2.臺北市中山區中山段四小段0492-0001
3.臺北市中山區中山段四小段0492-0002
4.臺北市中山區中山段四小段0492-0003
5.臺北市中山區中山段四小段0492-0004
6.臺北市中山區中山段四小段0492-0005
7.臺北市中山區中山段四小段0492-0006
8.臺北市中山區中山段四小段0492-0007
9.臺北市中山區中山段四小段0492-0008
10.臺北市中山區中山段四小段0492-0009
11.臺北市中山區中山段四小段00288-000 號
12.臺北市中山區中山段四小段00289-000 號
13.臺北市中山區中山段四小段E0288-001",中山地政事務所,['其他'],['中山地政事務所']
"請提供以下資料供參:
1.111年度與112年度是否有領取中央補助, 若有, 金額為何?
2.呈上,該兩年度木柵動物園區,池上園區預算各為何?
3.以木柵動物園為例,近兩年每年在動物醫療與飼料上的費用為何?
4.門票收入是否可分析台北市民及外縣市門票收入?若可,111年度,112年度之門票收入總和及外縣市比例為何?",立動物園,['其他'],['立動物園']
"請提供北北基好玩卡，將動物園納入景點中(逐年提供)
1. 請提供近三年民眾持好玩卡入場件數?
2. 請提供持好玩卡入場後，與觀傳局清分費用，近三年費用?及計算方式?
3. 清分費用制定方式?及是否有相關資料?",立動物園,['其他'],['立動物園']
請提供北投市場改建案貴單位提出之辦公需求面積。,北投區戶政事務所,"['稅捐稽徵處', '其他']","['北投區戶政事務所', '稅捐稽徵處']"
請提供北投區大業段三小段515號地號土地謄本,士林地政事務所,['其他'],['士林地政事務所']
請提供北投區文林段四小段0693-0000地號地籍圖及土地登記謄本,士林地政事務所,['其他'],['士林地政事務所']
請提供北投區湖山段二小段99、100、56、102地號地籍圖及土地登記謄本(所有權部)及北投區勝利街34號建物登記謄本(所有權部)電子檔。,士林地政事務所,['其他'],['士林地政事務所']
"請提供北投焚化廠率全國焚化廠之先，回饋設施洲美運動公園導入「智慧化調節熱泵系統」之得標廠商.經費及說明,採購合約書影本",環境保護局北投垃圾焚化廠,['其他'],['環境保護局北投垃圾焚化廠']
請提供台北市內湖路一段339巷22號2樓第二類謄本。,中山地政事務所,['其他'],['中山地政事務所']
請提供台北市各圖書館中典藏狀況為孤本的書籍 (編按：定義為本市所有圖書館館藏書中只剩下一本)統計數據。,立圖書館,['其他'],['立圖書館']
請提供民權西路136號地下2層商場用、辦公室用空調室地籍謄本和建物測量成果圖。,建成地政事務所,['其他'],['建成地政事務所']
"請提供至今由台北市政府創建的app(如:台北通、台北市行動方災、台北好行、U-Sport台北樂運動等)，並以表格顯示
表格內容請包含以下幾點
1.啟用時間/停用時間
2.app功能
3.使用人數(依年或月呈現)及效益
4.每年各使用多少預算營運及維護",中山堂管理所,"['都市發展局', '衛生局', '消防局', '體育局', '其他', '觀光傳播局', '資訊局', '教育局', '交通局', '勞動局', '警察局']","['中山堂管理所', '立美術館', '交通局', '消防局', '教育局', '都市發展局', '勞動局', '資訊局', '衛生局', '警察局', '體育局', '觀光傳播局']"
"請提供至今由台北市政府創建的app(如:台北通、台北市行動方災、台北好行、U-Sport台北樂運動等)，並以表格顯示
表格內容請包含以下幾點
1.啟用時間/停用時間
2.app功能
3.使用人數(依年或月呈現)及效益
4.每年各使用多少預算營運及維護",立美術館,"['都市發展局', '衛生局', '消防局', '體育局', '其他', '觀光傳播局', '資訊局', '教育局', '交通局', '勞動局', '警察局']","['中山堂管理所', '立美術館', '交通局', '消防局', '教育局', '都市發展局', '勞動局', '資訊局', '衛生局', '警察局', '體育局', '觀光傳播局']"
請提供西湖段一小段768地號分割為西湖段一小段768、768-1、768-2之詳細經過及緣由。,中山地政事務所,"['地政局土地開發總隊', '其他']","['中山地政事務所', '地政局土地開發總隊']"
"請提供承德路三段108巷28弄相關資料：
一、111年地籍圖？現況地籍圖？
請於7/17（三）17:00前提供",建成地政事務所,['其他'],['建成地政事務所']
請提供松山區民生東路四段80巷至光復北路口南北側近三年車禍案件記錄，包含事故時間、地點、事故類型、主肇因研判子類別、傷亡人數、是否有障礙物、當事人區分類別等。,警察局松山分局,['其他'],['警察局松山分局']
請提供近1年民眾對於「台北惜物網」的投訴內容清冊,動產質借處,['其他'],['動產質借處']
"請提供近十年之以下資料。
一、逐年接獲陳情、申訴、檢舉臺北市政府及其所有所屬機關、法人、事業單位疑違勞動法令規定之案件數量（請以年份、單位、疑違反勞動條件部分、疑違反職安衛生部分分類列表提供）。
二、逐年對臺北市政府及其所有所屬機關、法人、事業單位實施勞動檢查情形（請依年份、十大檢查類別、受檢單位、檢查結果及改善情形分類列表提供）。",勞動檢查處,"['勞動局', '其他']","['勞動局', '勞動檢查處']"
請提供近三年文化在巷子中，市立交響樂團中管樂團表演場次及日期。,立交響樂團,['其他'],['立交響樂團']
請提供近五年(逐年提供) 因無照駕駛遭裁罰?年齡層屬未成年與高齡長者分別數量?,交通事件裁決所,['其他'],['交通事件裁決所']
請提供近兩年台北廣播電檯全面更新設備清冊（項目及金費一覽表）,臺北廣播電臺,['其他'],['臺北廣播電臺']
請提供修訂的tso附設團作業要點、管理須知，並請提供今年11/30預計進行的管樂團評鑑機制內容為何????,立交響樂團,['其他'],['立交響樂團']
請提供浩然敬老院113年水電費預算數、實際執行數、執行率？,立浩然敬老院,['其他'],['立浩然敬老院']
請提供參觀動物園遊客自110年元月起按月之跨越柵欄、不當餵食動物等不法行為之依違規行為統計之案件數、違規人數及已移送數、裁罰人數及裁罰金額,立動物園,['其他'],['立動物園']
請提供第二美術館的總預算？設計規劃？施工預算？施工進度表？第二美術館定位？未來的營運規劃與方向？,立美術館,['其他'],['立美術館']
請提供逐年提供動物園近6年入園人次?門票收入?營運支出?,立動物園,['其他'],['立動物園']
請提供勞動力重建運用處113年度預算，接受補助業務支出之獎補助費，執行率僅41.39%，原因？細項？,勞動力重建運用處,['其他'],['勞動力重建運用處']
"請提供貴院現行針對「子宮內膜癌」檢測之方法、原理、準確率、費用。

前述資料，請一併寄送至kevinmichaelchance@gmail.com。",聯合醫院,['其他'],['聯合醫院']
"請提供貴單位之以下資料：
一、防範職場暴力之計畫或遮蔽個人資料後之單次執行紀錄或文件。
二、異常工作負荷促發疾病之預防計畫或遮蔽個人資料後之單次執行紀錄或文件。
三、內部之性騷擾防治措施、申訴及懲戒規範。
四、替內部職員從事健康服務之護理人員或醫師",立動物園,"['臺北自來水事業處', '其他']","['立動物園', '臺北自來水事業處', '臺北自來水事業處工程總隊']"
"請提供貴單位之以下資料：
一、防範職場暴力之計畫或遮蔽個人資料後之單次執行紀錄或文件。
二、異常工作負荷促發疾病之預防計畫或遮蔽個人資料後之單次執行紀錄或文件。
三、內部之性騷擾防治措施、申訴及懲戒規範。
四、替內部職員從事健康服務之護理人員或醫師",臺北自來水事業處工程總隊,"['臺北自來水事業處', '其他']","['立動物園', '臺北自來水事業處', '臺北自來水事業處工程總隊']"
請提供貴隊屬員游志文112年12月份出入登記簿及該月份超勤加班費支領明細資料（含個人簽名確認表單影本）,警察局少年警察隊,['其他'],['警察局少年警察隊']
請提供貴館107 至113 年，每年館藏總數。,立美術館,['其他'],['立美術館']
"請提供陽明教養院114年度預算
一般業務費預算數27,003,000元，較上年度增加2,893,000元，細項與增加原因。",立陽明教養院,['其他'],['立陽明教養院']
"請提供陽明教養院一般業務水電費之電費部分，113年預算數4,600,000元，預估年底5,843,070元，已勻支1,243,070元，惟114年僅編列電費5,382,000元，與今年至少相差46萬餘元，原因為何？",立陽明教養院,['其他'],['立陽明教養院']
請提供臺北市中山堂管理所（含主體及周邊100公尺範圍）之置物櫃設置狀況，合分布圖、可提供之置物空間尺寸、計價費率、支付方式、契約資料。,中山堂管理所,['其他'],['中山堂管理所']
"請提供臺北市立動物園未來的BOT及OT案2025-2028所有工程(含生態保育園區、臺北市立海琉館等)
1.整體案件規劃面積為何？
2.細部建築物設計規劃圖。(含建案面積)
3.原建廠商基本資料。
4.BOT/OT是否為同一廠商。
5.BOT/OT土地範圍大小。
5.BOT/OT及北市府占面積比率各為多少？",立動物園,['其他'],['立動物園']
請提供臺北惜物網從 97年至今之各年度【網站瀏覽量】、【收入】、【 支出】統計表。(EXCEL),動產質借處,['其他'],['動產質借處']
請提供關於台北市立交響樂團團員結構組成，包含共有幾個附設團、各團員人數、年齡分布,立交響樂團,['其他'],['立交響樂團']
請貴 局提供內湖區西湖段一小段365地號地籍資料，供本席參考。,中山地政事務所,['其他'],['中山地政事務所']
請貴 局提供內湖區碧湖段四小段1022地號地籍資料，供本席參考。,中山地政事務所,['其他'],['中山地政事務所']
請貴 所釐清並說明建照號碼77建(內湖)(大湖)字第0698號、使用執照79使字0325號原先地號為單一筆內湖區東湖段二小段32-3地號，現今變更為內湖區東湖段二小段32-3、32-5、32-6、32-7、32-8、32-9、32-10地號7筆地號，1.該單一筆地號於民國幾年幾月幾日地籍分割?、2.分割原因?供本席參考。,中山地政事務所,['其他'],['中山地政事務所']
請貴局提供以下附件所有地址的異動索引以及二類謄本。,建成地政事務所,['其他'],['建成地政事務所']
請貴機關提供本市福星段三小段01345建號及共有部分01414建號（如附件）之第一次建物側量成果圖。,建成地政事務所,['其他'],['建成地政事務所']
請彙整後制表提供本市各單位之列帳財產，100萬以上動產之名稱、購入價格、是否有保險、保險金額，及保管科室名稱。,立文獻館,"['教育局', '財政局', '其他', '工務局公園路燈工程管理處']","['工務局公園路燈工程管理處', '立文獻館', '立美術館', '財政局', '教育局']"
請彙整後制表提供本市各單位之列帳財產，100萬以上動產之名稱、購入價格、是否有保險、保險金額，及保管科室名稱。,立美術館,"['教育局', '財政局', '其他', '工務局公園路燈工程管理處']","['工務局公園路燈工程管理處', '立文獻館', '立美術館', '財政局', '教育局']"
"請彙整臺北市政府各局處持有之電動機車(公務車)(請依局處列出各共有幾輛公務機車,油及電動各幾輛並提供百分比)",大,"['主計處', '工務局大地工程處', '環境保護局', '工務局水利工程處', '觀光傳播局', '臺北自來水事業處', '臺北大眾捷運股份有限公司', '地政局', '交通局', '民政局', '社會局', '勞動局', '捷運工程局', '衛生局', '客家事務委員會', '秘書處', '工務局', '財政局', '教育局', '政風處', '警察局', '研究發展考核委員會', '工務局新建工程處', '消防局', '體育局', '工務局公園路燈工程管理處', '動物保護處', '原住民族事務委員會', '文化局', '公務人員訓練處', '工務局衛生下水道工程處', '產業發展局', '其他', '青年局', '商業處', '人事處', '兵役局', '資訊局', '臺北翡翠水庫管理局', '法務局', '市場處', '都市發展局']","['人事處', '大', '工務局', '工務局大地工程處', '工務局公園路燈工程管理處', '工務局水利工程處', '工務局新建工程處', '工務局衛生下水道工程處', '公務人員訓練處', '文化局', '主計處', '市場處', '民政局', '立天文科學教育館', '立動物園', '立圖書館', '交通局', '地政局', '兵役局', '法務局', '社會局', '青年局', '客家事務委員會', '政風處', '研究發展考核委員會', '原住民族事務委員會', '消防局', '秘書處', '財政局', '動物保護處', '商業處', '捷運工程局', '教育局', '產業發展局', '都市發展局', '勞動局', '資訊局', '臺北大眾捷運股份有限公司', '臺北自來水事業處', '臺北翡翠水庫管理局', '衛生局', '環境保護局', '警察局', '體育局', '觀光傳播局']"
"請彙整臺北市政府各局處持有之電動機車(公務車)(請依局處列出各共有幾輛公務機車,油及電動各幾輛並提供百分比)",立天文科學教育館,"['主計處', '工務局大地工程處', '環境保護局', '工務局水利工程處', '觀光傳播局', '臺北自來水事業處', '臺北大眾捷運股份有限公司', '地政局', '交通局', '民政局', '社會局', '勞動局', '捷運工程局', '衛生局', '客家事務委員會', '秘書處', '工務局', '財政局', '教育局', '政風處', '警察局', '研究發展考核委員會', '工務局新建工程處', '消防局', '體育局', '工務局公園路燈工程管理處', '動物保護處', '原住民族事務委員會', '文化局', '公務人員訓練處', '工務局衛生下水道工程處', '產業發展局', '其他', '青年局', '商業處', '人事處', '兵役局', '資訊局', '臺北翡翠水庫管理局', '法務局', '市場處', '都市發展局']","['人事處', '大', '工務局', '工務局大地工程處', '工務局公園路燈工程管理處', '工務局水利工程處', '工務局新建工程處', '工務局衛生下水道工程處', '公務人員訓練處', '文化局', '主計處', '市場處', '民政局', '立天文科學教育館', '立動物園', '立圖書館', '交通局', '地政局', '兵役局', '法務局', '社會局', '青年局', '客家事務委員會', '政風處', '研究發展考核委員會', '原住民族事務委員會', '消防局', '秘書處', '財政局', '動物保護處', '商業處', '捷運工程局', '教育局', '產業發展局', '都市發展局', '勞動局', '資訊局', '臺北大眾捷運股份有限公司', '臺北自來水事業處', '臺北翡翠水庫管理局', '衛生局', '環境保護局', '警察局', '體育局', '觀光傳播局']"
"請彙整臺北市政府各局處持有之電動機車(公務車)(請依局處列出各共有幾輛公務機車,油及電動各幾輛並提供百分比)",立動物園,"['主計處', '工務局大地工程處', '環境保護局', '工務局水利工程處', '觀光傳播局', '臺北自來水事業處', '臺北大眾捷運股份有限公司', '地政局', '交通局', '民政局', '社會局', '勞動局', '捷運工程局', '衛生局', '客家事務委員會', '秘書處', '工務局', '財政局', '教育局', '政風處', '警察局', '研究發展考核委員會', '工務局新建工程處', '消防局', '體育局', '工務局公園路燈工程管理處', '動物保護處', '原住民族事務委員會', '文化局', '公務人員訓練處', '工務局衛生下水道工程處', '產業發展局', '其他', '青年局', '商業處', '人事處', '兵役局', '資訊局', '臺北翡翠水庫管理局', '法務局', '市場處', '都市發展局']","['人事處', '大', '工務局', '工務局大地工程處', '工務局公園路燈工程管理處', '工務局水利工程處', '工務局新建工程處', '工務局衛生下水道工程處', '公務人員訓練處', '文化局', '主計處', '市場處', '民政局', '立天文科學教育館', '立動物園', '立圖書館', '交通局', '地政局', '兵役局', '法務局', '社會局', '青年局', '客家事務委員會', '政風處', '研究發展考核委員會', '原住民族事務委員會', '消防局', '秘書處', '財政局', '動物保護處', '商業處', '捷運工程局', '教育局', '產業發展局', '都市發展局', '勞動局', '資訊局', '臺北大眾捷運股份有限公司', '臺北自來水事業處', '臺北翡翠水庫管理局', '衛生局', '環境保護局', '警察局', '體育局', '觀光傳播局']"
"請彙整臺北市政府各局處持有之電動機車(公務車)(請依局處列出各共有幾輛公務機車,油及電動各幾輛並提供百分比)",立圖書館,"['主計處', '工務局大地工程處', '環境保護局', '工務局水利工程處', '觀光傳播局', '臺北自來水事業處', '臺北大眾捷運股份有限公司', '地政局', '交通局', '民政局', '社會局', '勞動局', '捷運工程局', '衛生局', '客家事務委員會', '秘書處', '工務局', '財政局', '教育局', '政風處', '警察局', '研究發展考核委員會', '工務局新建工程處', '消防局', '體育局', '工務局公園路燈工程管理處', '動物保護處', '原住民族事務委員會', '文化局', '公務人員訓練處', '工務局衛生下水道工程處', '產業發展局', '其他', '青年局', '商業處', '人事處', '兵役局', '資訊局', '臺北翡翠水庫管理局', '法務局', '市場處', '都市發展局']","['人事處', '大', '工務局', '工務局大地工程處', '工務局公園路燈工程管理處', '工務局水利工程處', '工務局新建工程處', '工務局衛生下水道工程處', '公務人員訓練處', '文化局', '主計處', '市場處', '民政局', '立天文科學教育館', '立動物園', '立圖書館', '交通局', '地政局', '兵役局', '法務局', '社會局', '青年局', '客家事務委員會', '政風處', '研究發展考核委員會', '原住民族事務委員會', '消防局', '秘書處', '財政局', '動物保護處', '商業處', '捷運工程局', '教育局', '產業發展局', '都市發展局', '勞動局', '資訊局', '臺北大眾捷運股份有限公司', '臺北自來水事業處', '臺北翡翠水庫管理局', '衛生局', '環境保護局', '警察局', '體育局', '觀光傳播局']"
請臺北市立交響樂團提供附設合唱團112至113年出勤率、演出票房、團員大會、及音樂會檢討紀錄。請於7月22日（一）下班前回覆議員研究室，俾利市政研究參考。,立交響樂團,['其他'],['立交響樂團']
請製表提供貴局處所有轄管停車場名稱、地址，是否限制紅、黃牌重型機車進場？限制原因為何？,就業服務處,"['環境保護局', '殯葬管理處', '臺北自來水事業處', '臺北大眾捷運股份有限公司', '公共運輸處', '地政局', '社會局', '勞動局', '衛生局', '客家事務委員會', '財政局', '教育局', '警察局', '都市發展局', '工務局新建工程處', '體育局', '動物保護處', '文化局', '工務局衛生下水道工程處', '產業發展局', '其他', '青年局', '工務局公園路燈工程管理處', '市場處', '民政局']","['工務局公園路燈工程管理處', '工務局新建工程處', '工務局衛生下水道工程處', '公共運輸處', '文化局', '市場處', '民政局', '地政局', '社會局', '青年局', '客家事務委員會', '財政局', '動物保護處', '教育局', '產業發展局', '都市發展局', '勞動局', '就業服務處', '臺北大眾捷運股份有限公司', '臺北自來水事業處', '衛生局', '環境保護局', '殯葬管理處', '警察局', '體育局']"
請說明目前台北市立動物園園區運營狀態，並說明目前園區於災後復舊情況。,立動物園,['其他'],['立動物園']
請說明動物園內賣店化石先生沙澳店：招標日期、得(決)標日期、投標廠商得標廠商、得標金額、租金or權利金、行政管理費。合約（含需求書）。,立動物園,['其他'],['立動物園']
請說明貴處如何評估是否新增質借項目。,動產質借處,['其他'],['動產質借處']
請說明貴處有關中低收入戶、身心障礙者、原住民及近6個月內向北市府社會局申請急難或災害救助獲准家庭，其優惠利率如何計算。,動產質借處,['其他'],"['動產質借處', '動產質借處']"
請說明貴處有關中低收入戶、身心障礙者、原住民及近6個月內向北市府社會局申請急難或災害救助獲准家庭，其優惠利率如何計算。,動產質借處,['其他'],"['動產質借處', '動產質借處']"
請說明貴館針對增加收入有何具體作為。,立美術館,['其他'],['立美術館']
請說明陽明教養院元配置救護車取消時間?取消原因?目前因應方案為何?,陽明教養院,['其他'],['陽明教養院']
請說明關於第二美術館未來營運狀況，包含經營型態、未來人員配置(請說明是從北美館編制人力或委外或行政法人方式)、營運模式。,立美術館,['其他'],['立美術館']
"關於動物園之動物跨國交流：
1.請提供本年度動物跨國交流之交流國家、動物、時間、交流條件、契約。
2.請提供動物園票價調漲之相關評估。
3.請提供目前動物園各區/館動物數量以及未來動物規劃、引進及汰換原則。
4.請提供動物園紀念商品代理或製作廠商。",立動物園,['其他'],['立動物園']
"續11140302042索資
再請教台北市立圖書館對於上述之孤本有無措施，來確保書籍不會因出借因故遺失而從此消失？",立圖書館,['其他'],['立圖書館']
"續A10304-11300429：
一、甲方出品與乙方自行開發商品，展售比例為多少。
二、乙方是否須提供展售商品清單供甲方審核；若需提供，請說明提供方式與頻率，若無請說明理由。",立美術館,['其他'],['立美術館']
"續A10304-11300431：
一、請說明出借館藏是否收費；若有請提供相關資料，若無請說明理由。
二、請說明借用方是否可將貴館館藏用於收費活動。",立美術館,['其他'],['立美術館']
續A10304-11300446，請提供乙方自行開發商品，商品著作授權人為北美館佔比。,立美術館,['其他'],['立美術館']
續A10304-11300448，請提供112 年至今，通過及未通過申請借用案，所提出之展場設施調查表。,立美術館,['其他'],['立美術館']
"續A10304-11300448：
一、請說明出借館藏每件出借成本數額。
二、請說明出借館藏最低環境要求。
三、請說明出借館藏對貴館預計帶來之效益。
四、請說明貴館如何認定收取門票費用，是否違反非營利性質原則。",立美術館,['其他'],['立美術館']
"鑒於新光人壽母公司新光金融控股公司已於本月22日召開董事會，決議通過以「換股方式」與台新金融控股公司合併，故請提供以下資料：
一、貴府與新光金控（含其子公司）現有簽訂契約、存有履約或合作義務之事項。相關表格請依簽約或有涉之機關、新光金控或其子公司名稱、存有義務項目、金額、合併後之契約處理方式分類列表提供。
二、承第一題，請額外提供逐筆事項之契約及一切附件。

上述資料，除於索資系統提供外，亦請一併寄送至聯絡人Email。",動產質借處,"['主計處', '工務局大地工程處', '環境保護局', '工務局水利工程處', '觀光傳播局', '臺北自來水事業處', '臺北大眾捷運股份有限公司', '交通局', '民政局', '社會局', '勞動局', '地政局土地開發總隊', '捷運工程局', '衛生局', '客家事務委員會', '秘書處', '工務局', '稅捐稽徵處', '財政局', '教育局', '政風處', '警察局', '研究發展考核委員會', '工務局新建工程處', '消防局', '體育局', '工務局公園路燈工程管理處', '原住民族事務委員會', '文化局', '公務人員訓練處', '工務局衛生下水道工程處', '產業發展局', '其他', '青年局', '人事處', '兵役局', '資訊局', '臺北翡翠水庫管理局', '法務局', '都市計畫委員會', '都市發展局']","['人事處', '工務局', '工務局大地工程處', '工務局公園路燈工程管理處', '工務局水利工程處', '工務局新建工程處', '工務局衛生下水道工程處', '公務人員訓練處', '文化局', '主計處', '民政局', '交通局', '地政局土地開發總隊', '兵役局', '法務局', '社會局', '青年局', '客家事務委員會', '政風處', '研究發展考核委員會', '原住民族事務委員會', '消防局', '秘書處', '財政局', '財政局', '動產質借處', '捷運工程局', '教育局', '產業發展局', '都市計畫委員會', '都市發展局', '勞動局', '稅捐稽徵處', '資訊局', '臺北大眾捷運股份有限公司', '臺北自來水事業處', '臺北翡翠水庫管理局', '衛生局', '環境保護局', '警察局', '體育局', '觀光傳播局']"
